timestamp,pair,timeframe,direction,entry_price,stop_loss,take_profit_1,take_profit_2,atr,adx,volume,rvol_value,ema50,ema200,vwap,bos,choch,liquidity_sweep,order_block,fvg,market_structure,structure_strength,institutional_score,structural_score,confidence,quality_score,classification,regime,trend,risk_reward,mtf_trends,decision,rejection_reasons,approval_reasons,result,trade_duration_h,profit_loss_pct,mae_pct,mfe_pct
2026-07-06T02:56:21.827013+00:00,BTCUSDT,1d,long,65396.8172,65003.638,66576.3548,67166.1235,0.0,100.0,0.0,0.3029,66663.6241,66815.5851,66615.2558,1,1,1,1,1,0.4,0.4,0.8688,79.91,0.9955,0.8688,ouro,trending_up,trending_up,0.0,"{""5m"": ""reversal"", ""15m"": ""uptrend"", ""1h"": ""uptrend"", ""4h"": ""downtrend"", ""1d"": ""downtrend""}",rejected,[RVOL] 0.3x < mínimo 1.0x,,,,,,
2026-07-06T02:56:21.832808+00:00,BTCUSDT,1h,short,67340.1108,67733.29,66357.1628,65865.6889,0.0,100.0,0.0,0.268,65900.1576,65145.7308,64901.735,1,1,0,1,1,0.4,0.4,0.8073,68.91000000000001,0.9153,0.8073,ouro,trending_up,trending_up,0.0,"{""5m"": ""reversal"", ""15m"": ""uptrend"", ""1h"": ""uptrend"", ""4h"": ""downtrend"", ""1d"": ""downtrend""}",rejected,[RVOL] 0.3x < mínimo 1.0x,,,,,,
2026-07-06T02:56:21.841764+00:00,BTCUSDT,4h,long,65082.9419,64689.7627,66065.8898,66557.3638,0.0,97.75344844361106,0.0,0.5574,65431.863,66023.4258,66074.7511,0,1,0,1,1,0.4,0.4,0.7279,55.13,0.7979,0.7279,prata,trending_up,trending_up,0.0,"{""5m"": ""reversal"", ""15m"": ""uptrend"", ""1h"": ""uptrend"", ""4h"": ""downtrend"", ""1d"": ""downtrend""}",rejected,"[SMART MONEY] Apenas 3 confirmações (mínimo 4): choch, order_block, order_block, fvg, fvg, fvg, fvg, fvg, fvg, fvg, fvg, fvg, fvg, fvg, fvg, fvg, fvg, fvg, fvg, fvg, fvg, fvg, fvg, fvg, fvg, fvg, fvg, fvg, fvg, fvg, fvg, fvg, fvg, fvg, fvg, fvg, fvg, fvg, fvg, fvg, fvg, fvg, fvg, fvg, fvg, fvg, fvg, fvg, fvg, fvg, fvg, fvg, fvg, fvg, fvg, fvg, fvg, fvg, fvg, fvg, fvg, fvg, fvg, fvg, fvg, fvg, fvg, fvg, fvg, fvg, fvg, fvg, fvg, fvg, fvg, fvg, fvg, fvg, fvg, fvg, fvg, fvg, fvg, fvg, fvg, fvg, fvg, fvg, fvg, fvg, fvg, fvg, fvg, fvg, fvg, fvg, fvg, fvg, fvg, fvg, fvg, fvg, fvg, fvg, fvg, fvg, fvg, fvg, fvg, fvg, fvg, fvg, fvg, fvg, fvg, fvg, fvg, fvg, fvg, fvg, fvg, fvg, fvg, fvg, fvg, fvg, fvg, fvg, fvg, fvg, fvg, fvg, fvg, fvg, fvg, fvg, fvg, fvg, fvg, fvg, fvg, fvg, fvg, fvg, fvg, fvg, fvg, fvg, fvg, fvg, fvg, fvg, fvg, fvg, fvg, fvg, fvg, fvg, fvg, fvg, fvg; [SCORE ESTRUT] 55.1 < 60; [RVOL] 0.6x < mínimo 1.0x",,,,,,
2026-07-06T02:56:21.851884+00:00,BTCUSDT,15m,short,65783.3298,66176.509,64800.3819,64308.9079,0.0,1.1762686845211463,0.0,1.4325,65905.6792,65370.9948,65435.3208,0,1,0,1,1,0.4,0.4,0.7185,50.519999999999996,0.798,0.7185,prata,trending_up,trending_up,0.0,"{""5m"": ""reversal"", ""15m"": ""uptrend"", ""1h"": ""uptrend"", ""4h"": ""downtrend"", ""1d"": ""downtrend""}",rejected,"[SMART MONEY] Apenas 3 confirmações (mínimo 4): choch, order_block, order_block, fvg, fvg, fvg, fvg, fvg, fvg, fvg, fvg, fvg, fvg, fvg, fvg, fvg, fvg, fvg, fvg, fvg, fvg, fvg, fvg, fvg, fvg, fvg, fvg, fvg, fvg, fvg, fvg, fvg, fvg, fvg, fvg, fvg, fvg, fvg, fvg, fvg, fvg, fvg, fvg, fvg, fvg, fvg, fvg, fvg, fvg, fvg, fvg, fvg, fvg, fvg, fvg, fvg, fvg, fvg, fvg, fvg, fvg, fvg, fvg, fvg, fvg, fvg, fvg, fvg, fvg, fvg, fvg, fvg, fvg, fvg, fvg, fvg, fvg, fvg, fvg, fvg, fvg, fvg, fvg, fvg, fvg, fvg, fvg, fvg, fvg, fvg, fvg, fvg, fvg, fvg, fvg, fvg, fvg, fvg, fvg, fvg, fvg, fvg, fvg, fvg, fvg, fvg, fvg, fvg, fvg, fvg, fvg, fvg, fvg, fvg, fvg, fvg, fvg, fvg, fvg, fvg, fvg, fvg, fvg, fvg, fvg, fvg, fvg, fvg, fvg, fvg, fvg, fvg, fvg, fvg, fvg, fvg, fvg, fvg, fvg, fvg, fvg, fvg; [SCORE ESTRUT] 50.5 < 60; [ADX] 1.2 < 20 — tendência fraca",,,,,,
2026-07-06T02:56:21.854274+00:00,BTCUSDT,5m,short,68255.0752,68648.2544,67468.7169,67075.5377,0.0,97.73978611588848,0.0,1.029,67610.4669,66561.0129,66204.1618,0,0,0,1,1,0.5,0.5,0.5725,48.089999999999996,0.5301,0.5725,bronze,trending_up,trending_up,0.0,"{""5m"": ""reversal"", ""15m"": ""uptrend"", ""1h"": ""uptrend"", ""4h"": ""downtrend"", ""1d"": ""downtrend""}",rejected,"[SMART MONEY] Apenas 2 confirmações (mínimo 4): order_block, fvg, fvg, fvg, fvg, fvg, fvg, fvg, fvg, fvg, fvg, fvg, fvg, fvg, fvg, fvg, fvg, fvg, fvg, fvg, fvg, fvg, fvg, fvg, fvg, fvg, fvg, fvg, fvg, fvg, fvg, fvg, fvg, fvg, fvg, fvg, fvg, fvg, fvg, fvg, fvg, fvg, fvg, fvg, fvg, fvg, fvg, fvg, fvg, fvg, fvg, fvg, fvg, fvg, fvg, fvg, fvg, fvg, fvg, fvg, fvg, fvg, fvg, fvg, fvg, fvg, fvg, fvg, fvg, fvg, fvg, fvg, fvg, fvg, fvg, fvg, fvg, fvg, fvg, fvg, fvg, fvg, fvg, fvg, fvg, fvg, fvg, fvg, fvg, fvg, fvg, fvg, fvg, fvg, fvg, fvg, fvg, fvg, fvg, fvg, fvg, fvg, fvg, fvg, fvg, fvg, fvg, fvg, fvg, fvg, fvg, fvg, fvg, fvg, fvg, fvg, fvg, fvg, fvg, fvg, fvg, fvg, fvg, fvg, fvg, fvg, fvg, fvg, fvg, fvg, fvg, fvg, fvg, fvg, fvg, fvg, fvg, fvg; [RR] TP1 2.00 < mínimo 2.0:1; [CONFIANÇA] 0.53 < 0.75; [QUALIDADE] 0.57 < 0.70; [SCORE INST] 0.57 < 0.70; [SCORE ESTRUT] 48.1 < 60; [CLASSIFICAÇÃO] bronze < exigido prata",,,,,,
2026-07-06T02:56:21.927369+00:00,ETHUSDT,4h,short,3561.4344,3578.3792,3519.0727,3497.8918,0.0,100.0,0.0,1.858,3490.4514,3463.5341,3464.0201,1,1,1,1,1,0.4,0.4,0.8138,80.38,0.9055,0.8138,ouro,ranging,ranging,0.0,"{""5m"": ""reversal"", ""15m"": ""uptrend"", ""1h"": ""downtrend"", ""4h"": ""uptrend"", ""1d"": ""ranging""}",approved,,✓ ScoreInst=1 ScoreEstrut=80; ✓ Conf=91% Qual=1; ✓ RR TP1=2.50 TP2=3.75; ✓ Smart Money: 5/4+ confirmações; ✓ Regime=ranging MTF alinhado; ✓ RVOL=1.9x Volume=True,,,,,
2026-07-06T02:56:21.961728+00:00,ETHUSDT,15m,long,3627.8183,3610.8736,3670.1801,3691.361,0.0,95.40227232866192,0.0,0.3512,3546.4851,3497.9675,3492.3412,1,1,0,1,1,0.4,0.4,0.7251,69.28999999999999,0.8256,0.7251,prata,ranging,ranging,0.0,"{""5m"": ""reversal"", ""15m"": ""uptrend"", ""1h"": ""downtrend"", ""4h"": ""uptrend"", ""1d"": ""ranging""}",rejected,[REGIME] Mercado ranging — não operar; [RVOL] 0.4x < mínimo 1.0x,,,,,,
2026-07-06T02:56:21.964195+00:00,ETHUSDT,1h,short,3505.5258,3522.4705,3463.1641,3441.9832,0.0,38.10941597840244,0.0,1.017,3508.4283,3505.6898,3499.5363,0,1,1,1,1,0.4,0.4,0.7185,60.91,0.8257,0.7185,prata,ranging,ranging,0.0,"{""5m"": ""reversal"", ""15m"": ""uptrend"", ""1h"": ""downtrend"", ""4h"": ""uptrend"", ""1d"": ""ranging""}",rejected,[REGIME] Mercado ranging — não operar,,,,,,
2026-07-06T02:56:21.977152+00:00,ETHUSDT,5m,short,3637.5199,3654.4647,3612.1029,3599.3944,0.0,100.0,0.0,0.5045,3668.9283,3671.7996,3656.4127,0,0,0,0,1,0.5,0.5,0.4551,44.3,0.4025,0.4551,bronze,ranging,ranging,0.0,"{""5m"": ""reversal"", ""15m"": ""uptrend"", ""1h"": ""downtrend"", ""4h"": ""uptrend"", ""1d"": ""ranging""}",rejected,"[SMART MONEY] Apenas 1 confirmações (mínimo 4): fvg, fvg, fvg, fvg, fvg, fvg, fvg, fvg, fvg, fvg, fvg, fvg, fvg, fvg, fvg, fvg, fvg, fvg, fvg, fvg, fvg, fvg, fvg, fvg, fvg, fvg, fvg, fvg, fvg, fvg, fvg, fvg, fvg, fvg, fvg, fvg, fvg, fvg, fvg, fvg, fvg, fvg, fvg, fvg, fvg, fvg, fvg, fvg, fvg, fvg, fvg, fvg, fvg, fvg, fvg, fvg, fvg, fvg, fvg, fvg, fvg, fvg, fvg, fvg, fvg, fvg, fvg, fvg, fvg, fvg, fvg, fvg, fvg, fvg, fvg, fvg, fvg, fvg, fvg, fvg, fvg, fvg, fvg, fvg, fvg, fvg, fvg, fvg, fvg, fvg, fvg, fvg, fvg, fvg, fvg, fvg, fvg, fvg, fvg, fvg, fvg, fvg, fvg, fvg, fvg, fvg, fvg, fvg, fvg, fvg, fvg, fvg, fvg, fvg, fvg, fvg, fvg, fvg, fvg, fvg, fvg, fvg, fvg, fvg, fvg, fvg, fvg, fvg, fvg, fvg, fvg, fvg, fvg, fvg, fvg, fvg, fvg, fvg, fvg, fvg; [RR] TP1 1.50 < mínimo 2.0:1; [CONFIANÇA] 0.40 < 0.75; [QUALIDADE] 0.46 < 0.70; [SCORE INST] 0.46 < 0.70; [SCORE ESTRUT] 44.3 < 60; [CLASSIFICAÇÃO] bronze < exigido prata; [REGIME] Mercado ranging — não operar; [RVOL] 0.5x < mínimo 1.0x",,,,,,
2026-07-06T02:56:22.046840+00:00,SOLUSDT,4h,short,149.3147,150.158,147.2065,146.1523,0.0,66.28741646574652,0.0,0.3395,149.1856,147.7217,147.3105,0,1,1,1,1,0.4,0.4,0.8069,65.08,0.9156,0.8069,ouro,trending_down,trending_down,0.0,"{""5m"": ""uptrend"", ""15m"": ""downtrend"", ""1h"": ""uptrend"", ""4h"": ""uptrend"", ""1d"": ""reversal""}",rejected,[RVOL] 0.3x < mínimo 1.0x,,,,,,
2026-07-06T02:56:22.050635+00:00,SOLUSDT,15m,short,148.8735,149.7168,146.7652,145.7111,0.0,72.83690882030679,0.0,1.9088,149.2759,150.3974,150.049,0,1,0,1,1,0.4,0.4,0.7524,51.7,0.7981,0.7524,ouro,trending_down,trending_down,0.0,"{""5m"": ""uptrend"", ""15m"": ""downtrend"", ""1h"": ""uptrend"", ""4h"": ""uptrend"", ""1d"": ""reversal""}",rejected,"[SMART MONEY] Apenas 3 confirmações (mínimo 4): choch, order_block, order_block, order_block, fvg, fvg, fvg, fvg, fvg, fvg, fvg, fvg, fvg, fvg, fvg, fvg, fvg, fvg, fvg, fvg, fvg, fvg, fvg, fvg, fvg, fvg, fvg, fvg, fvg, fvg, fvg, fvg, fvg, fvg, fvg, fvg, fvg, fvg, fvg, fvg, fvg, fvg, fvg, fvg, fvg, fvg, fvg, fvg, fvg, fvg, fvg, fvg, fvg, fvg, fvg, fvg, fvg, fvg, fvg, fvg, fvg, fvg, fvg, fvg, fvg, fvg, fvg, fvg, fvg, fvg, fvg, fvg, fvg, fvg, fvg, fvg, fvg, fvg, fvg, fvg, fvg, fvg, fvg, fvg, fvg, fvg, fvg, fvg, fvg, fvg, fvg, fvg, fvg, fvg, fvg, fvg, fvg, fvg, fvg, fvg, fvg, fvg, fvg, fvg, fvg, fvg, fvg, fvg, fvg, fvg, fvg, fvg, fvg, fvg, fvg, fvg, fvg, fvg, fvg, fvg, fvg, fvg, fvg, fvg, fvg, fvg, fvg, fvg, fvg, fvg, fvg, fvg, fvg, fvg, fvg, fvg, fvg, fvg, fvg, fvg, fvg, fvg, fvg, fvg, fvg, fvg, fvg, fvg, fvg, fvg, fvg, fvg, fvg, fvg, fvg; [SCORE ESTRUT] 51.7 < 60",,,,,,
2026-07-06T02:56:22.053315+00:00,SOLUSDT,1d,short,150.9285,151.7718,148.8203,147.7661,0.0,91.21254716017003,0.0,1.4244,148.5136,147.6517,146.874,1,0,1,1,1,0.5,0.5,0.7515,70.46,0.7655,0.7515,ouro,trending_down,trending_down,0.0,"{""5m"": ""uptrend"", ""15m"": ""downtrend"", ""1h"": ""uptrend"", ""4h"": ""uptrend"", ""1d"": ""reversal""}",approved,,✓ ScoreInst=1 ScoreEstrut=70; ✓ Conf=77% Qual=1; ✓ RR TP1=2.50 TP2=3.75; ✓ Smart Money: 4/4+ confirmações; ✓ Regime=trending_down MTF alinhado; ✓ RVOL=1.4x Volume=True,,,,,
2026-07-06T02:56:22.236823+00:00,SOLUSDT,1h,short,149.8561,150.6994,147.7479,146.6937,0.0,100.0,0.0,1.4803,152.0828,151.1306,150.5739,0,1,0,1,1,0.2978,0.2978,0.7495,51.23,0.798,0.7495,prata,trending_down,trending_down,0.0,"{""5m"": ""uptrend"", ""15m"": ""downtrend"", ""1h"": ""uptrend"", ""4h"": ""uptrend"", ""1d"": ""reversal""}",rejected,"[SMART MONEY] Apenas 3 confirmações (mínimo 4): choch, order_block, order_block, fvg, fvg, fvg, fvg, fvg, fvg, fvg, fvg, fvg, fvg, fvg, fvg, fvg, fvg, fvg, fvg, fvg, fvg, fvg, fvg, fvg, fvg, fvg, fvg, fvg, fvg, fvg, fvg, fvg, fvg, fvg, fvg, fvg, fvg, fvg, fvg, fvg, fvg, fvg, fvg, fvg, fvg, fvg, fvg, fvg, fvg, fvg, fvg, fvg, fvg, fvg, fvg, fvg, fvg, fvg, fvg, fvg, fvg, fvg, fvg, fvg, fvg, fvg, fvg, fvg, fvg, fvg, fvg, fvg, fvg, fvg, fvg, fvg, fvg, fvg, fvg, fvg, fvg, fvg, fvg, fvg, fvg, fvg, fvg, fvg, fvg, fvg, fvg, fvg, fvg, fvg, fvg, fvg, fvg, fvg, fvg, fvg, fvg, fvg, fvg, fvg, fvg, fvg, fvg, fvg, fvg, fvg, fvg, fvg, fvg, fvg, fvg, fvg, fvg, fvg, fvg, fvg, fvg, fvg, fvg, fvg, fvg, fvg, fvg, fvg, fvg, fvg, fvg, fvg, fvg, fvg, fvg, fvg, fvg, fvg, fvg, fvg, fvg, fvg, fvg; [SCORE ESTRUT] 51.2 < 60",,,,,,
2026-07-06T02:56:22.265353+00:00,SOLUSDT,5m,short,148.3848,149.2281,146.2765,145.2224,0.0,100.0,0.0,0.3544,151.3987,150.6375,150.0226,0,1,0,1,1,0.4,0.4,0.7388,58.8,0.798,0.7388,prata,trending_down,trending_down,0.0,"{""5m"": ""uptrend"", ""15m"": ""downtrend"", ""1h"": ""uptrend"", ""4h"": ""uptrend"", ""1d"": ""reversal""}",rejected,"[SMART MONEY] Apenas 3 confirmações (mínimo 4): choch, order_block, order_block, fvg, fvg, fvg, fvg, fvg, fvg, fvg, fvg, fvg, fvg, fvg, fvg, fvg, fvg, fvg, fvg, fvg, fvg, fvg, fvg, fvg, fvg, fvg, fvg, fvg, fvg, fvg, fvg, fvg, fvg, fvg, fvg, fvg, fvg, fvg, fvg, fvg, fvg, fvg, fvg, fvg, fvg, fvg, fvg, fvg, fvg, fvg, fvg, fvg, fvg, fvg, fvg, fvg, fvg, fvg, fvg, fvg, fvg, fvg, fvg, fvg, fvg, fvg, fvg, fvg, fvg, fvg, fvg, fvg, fvg, fvg, fvg, fvg, fvg, fvg, fvg, fvg, fvg, fvg, fvg, fvg, fvg, fvg, fvg, fvg, fvg, fvg, fvg, fvg, fvg, fvg, fvg, fvg, fvg, fvg, fvg, fvg, fvg, fvg, fvg, fvg, fvg, fvg, fvg, fvg, fvg, fvg, fvg, fvg, fvg, fvg, fvg, fvg, fvg, fvg, fvg, fvg, fvg, fvg, fvg, fvg, fvg, fvg, fvg, fvg, fvg, fvg, fvg, fvg, fvg, fvg, fvg, fvg, fvg, fvg, fvg, fvg, fvg, fvg, fvg; [SCORE ESTRUT] 58.8 < 60; [RVOL] 0.4x < mínimo 1.0x",,,,,,
2026-07-06T03:08:08.919769+00:00,BTCUSDT,1h,short,69106.1331,69448.8828,68249.2588,67820.8216,0.0,100.0,0.0,0.2478,69699.3766,68254.6072,67970.1046,0,1,1,1,1,0.412,0.412,0.7135,68.67,0.8259,0.7135,prata,ranging,ranging,0.0,"{""5m"": ""ranging"", ""15m"": ""reversal"", ""1h"": ""uptrend"", ""4h"": ""reversal"", ""1d"": ""uptrend""}",rejected,[REGIME] Mercado ranging — não operar; [RVOL] 0.2x < mínimo 1.0x,,,,,,
2026-07-06T03:08:08.955290+00:00,BTCUSDT,1d,short,67250.1045,67592.8542,66393.2303,65964.7931,0.0,8.115370639765727,0.0,1.4084,66637.381,65975.3913,65801.2476,0,1,1,1,1,0.1797,0.1797,0.7034,60.78,0.8259,0.7034,prata,ranging,ranging,0.0,"{""5m"": ""ranging"", ""15m"": ""reversal"", ""1h"": ""uptrend"", ""4h"": ""reversal"", ""1d"": ""uptrend""}",rejected,[REGIME] Mercado ranging — não operar; [ADX] 8.1 < 20 — tendência fraca,,,,,,
2026-07-06T03:08:08.958878+00:00,BTCUSDT,15m,short,66418.8313,66761.5811,65904.7068,65647.6445,0.0,100.0,0.0,0.8366,67758.5503,67692.6901,67464.0932,0,0,0,1,1,0.5,0.5,0.4795,51.67,0.4401,0.4795,bronze,ranging,ranging,0.0,"{""5m"": ""ranging"", ""15m"": ""reversal"", ""1h"": ""uptrend"", ""4h"": ""reversal"", ""1d"": ""uptrend""}",rejected,"[SMART MONEY] Apenas 2 confirmações (mínimo 4): order_block, fvg, fvg, fvg, fvg, fvg, fvg, fvg, fvg, fvg, fvg, fvg, fvg, fvg, fvg, fvg, fvg, fvg, fvg, fvg, fvg, fvg, fvg, fvg, fvg, fvg, fvg, fvg, fvg, fvg, fvg, fvg, fvg, fvg, fvg, fvg, fvg, fvg, fvg, fvg, fvg, fvg, fvg, fvg, fvg, fvg, fvg, fvg, fvg, fvg, fvg, fvg, fvg, fvg, fvg, fvg, fvg, fvg, fvg, fvg, fvg, fvg, fvg, fvg, fvg, fvg, fvg, fvg, fvg, fvg, fvg, fvg, fvg, fvg, fvg, fvg, fvg, fvg, fvg, fvg, fvg, fvg, fvg, fvg, fvg, fvg, fvg, fvg, fvg, fvg, fvg, fvg, fvg, fvg, fvg, fvg, fvg, fvg, fvg, fvg, fvg, fvg, fvg, fvg, fvg, fvg, fvg, fvg, fvg, fvg, fvg, fvg, fvg, fvg, fvg, fvg, fvg, fvg, fvg, fvg, fvg, fvg, fvg, fvg, fvg, fvg, fvg, fvg, fvg, fvg, fvg, fvg, fvg, fvg, fvg, fvg, fvg, fvg, fvg, fvg, fvg, fvg, fvg, fvg, fvg, fvg, fvg, fvg, fvg, fvg; [RR] TP1 1.50 < mínimo 2.0:1; [CONFIANÇA] 0.44 < 0.75; [QUALIDADE] 0.48 < 0.70; [SCORE INST] 0.48 < 0.70; [SCORE ESTRUT] 51.7 < 60; [CLASSIFICAÇÃO] bronze < exigido prata; [REGIME] Mercado ranging — não operar; [RVOL] 0.8x < mínimo 1.0x",,,,,,
2026-07-06T03:08:08.968608+00:00,BTCUSDT,4h,short,66429.0716,66771.8213,65914.947,65657.8847,0.0,98.18382471942904,0.0,0.3363,65372.6209,64970.9839,64885.6845,0,0,0,1,1,0.5,0.5,0.4685,50.41,0.4401,0.4685,bronze,ranging,ranging,0.0,"{""5m"": ""ranging"", ""15m"": ""reversal"", ""1h"": ""uptrend"", ""4h"": ""reversal"", ""1d"": ""uptrend""}",rejected,"[SMART MONEY] Apenas 2 confirmações (mínimo 4): order_block, fvg, fvg, fvg, fvg, fvg, fvg, fvg, fvg, fvg, fvg, fvg, fvg, fvg, fvg, fvg, fvg, fvg, fvg, fvg, fvg, fvg, fvg, fvg, fvg, fvg, fvg, fvg, fvg, fvg, fvg, fvg, fvg, fvg, fvg, fvg, fvg, fvg, fvg, fvg, fvg, fvg, fvg, fvg, fvg, fvg, fvg, fvg, fvg, fvg, fvg, fvg, fvg, fvg, fvg, fvg, fvg, fvg, fvg, fvg, fvg, fvg, fvg, fvg, fvg, fvg, fvg, fvg, fvg, fvg, fvg, fvg, fvg, fvg, fvg, fvg, fvg, fvg, fvg, fvg, fvg, fvg, fvg, fvg, fvg, fvg, fvg, fvg, fvg, fvg, fvg, fvg, fvg, fvg, fvg, fvg, fvg, fvg, fvg, fvg, fvg, fvg, fvg, fvg, fvg, fvg, fvg, fvg, fvg, fvg, fvg, fvg, fvg, fvg, fvg, fvg, fvg, fvg, fvg, fvg, fvg, fvg, fvg, fvg, fvg, fvg, fvg, fvg, fvg, fvg, fvg, fvg, fvg, fvg, fvg, fvg, fvg, fvg, fvg, fvg, fvg, fvg, fvg, fvg, fvg, fvg, fvg, fvg, fvg, fvg, fvg, fvg, fvg, fvg, fvg; [RR] TP1 1.50 < mínimo 2.0:1; [CONFIANÇA] 0.44 < 0.75; [QUALIDADE] 0.47 < 0.70; [SCORE INST] 0.47 < 0.70; [SCORE ESTRUT] 50.4 < 60; [CLASSIFICAÇÃO] bronze < exigido prata; [REGIME] Mercado ranging — não operar; [RVOL] 0.3x < mínimo 1.0x",,,,,,
2026-07-06T03:08:09.100142+00:00,ETHUSDT,15m,short,3663.716,3684.4753,3601.4381,3570.2991,0.0,71.33561477306914,0.0,1.5949,3600.5629,3562.7261,3553.5416,1,1,1,0,1,0.4,0.4,0.8831,79.4,0.9954,0.8831,ouro,trending_down,trending_down,0.0,"{""5m"": ""ranging"", ""15m"": ""uptrend"", ""1h"": ""reversal"", ""4h"": ""ranging"", ""1d"": ""ranging""}",approved,,✓ ScoreInst=1 ScoreEstrut=79; ✓ Conf=100% Qual=1; ✓ RR TP1=3.00 TP2=4.50; ✓ Smart Money: 4/4+ confirmações; ✓ Regime=trending_down MTF alinhado; ✓ RVOL=1.6x Volume=True,,,,,
2026-07-06T03:08:09.134055+00:00,ETHUSDT,4h,short,3678.8838,3699.6431,3637.3652,3616.6059,0.0,65.97198000345492,0.0,0.3892,3684.3041,3649.485,3629.2854,0,0,1,1,1,0.4,0.4,0.6595,53.31,0.6981,0.6595,prata,trending_down,trending_down,0.0,"{""5m"": ""ranging"", ""15m"": ""uptrend"", ""1h"": ""reversal"", ""4h"": ""ranging"", ""1d"": ""ranging""}",rejected,"[SMART MONEY] Apenas 3 confirmações (mínimo 4): order_block, order_block, order_block, fvg, fvg, fvg, fvg, fvg, fvg, fvg, fvg, fvg, fvg, fvg, fvg, fvg, fvg, fvg, fvg, fvg, fvg, fvg, fvg, fvg, fvg, fvg, fvg, fvg, fvg, fvg, fvg, fvg, fvg, fvg, fvg, fvg, fvg, fvg, fvg, fvg, fvg, fvg, fvg, fvg, fvg, fvg, fvg, fvg, fvg, fvg, fvg, fvg, fvg, fvg, fvg, fvg, fvg, fvg, fvg, fvg, fvg, fvg, fvg, fvg, fvg, fvg, fvg, fvg, fvg, fvg, fvg, fvg, fvg, fvg, fvg, fvg, fvg, fvg, fvg, fvg, fvg, fvg, fvg, fvg, fvg, fvg, fvg, fvg, fvg, fvg, fvg, fvg, fvg, fvg, fvg, fvg, fvg, fvg, fvg, fvg, fvg, fvg, fvg, fvg, fvg, fvg, fvg, fvg, fvg, fvg, fvg, fvg, fvg, fvg, fvg, fvg, fvg, fvg, fvg, fvg, fvg, fvg, fvg, fvg, fvg, fvg, fvg, fvg, fvg, fvg, fvg, fvg, fvg, fvg, fvg, fvg, fvg, fvg, fvg, fvg, fvg, fvg, fvg, fvg, fvg, fvg, fvg, fvg, fvg, fvg, fvg, fvg, fvg, fvg, fvg, fvg, liquidity_sweep; [CONFIANÇA] 0.70 < 0.75; [QUALIDADE] 0.66 < 0.70; [SCORE INST] 0.66 < 0.70; [SCORE ESTRUT] 53.3 < 60; [RVOL] 0.4x < mínimo 1.0x",,,,,,
2026-07-06T03:08:09.138785+00:00,ETHUSDT,5m,short,3603.245,3624.0043,3561.7263,3540.967,0.0,91.88773756751843,0.0,0.9153,3624.7456,3589.9358,3579.4363,0,0,0,0,1,0.4,0.4,0.5683,40.400000000000006,0.5425,0.5683,bronze,trending_down,trending_down,0.0,"{""5m"": ""ranging"", ""15m"": ""uptrend"", ""1h"": ""reversal"", ""4h"": ""ranging"", ""1d"": ""ranging""}",rejected,"[SMART MONEY] Apenas 1 confirmações (mínimo 4): fvg, fvg, fvg, fvg, fvg, fvg, fvg, fvg, fvg, fvg, fvg, fvg, fvg, fvg, fvg, fvg, fvg, fvg, fvg, fvg, fvg, fvg, fvg, fvg, fvg, fvg, fvg, fvg, fvg, fvg, fvg, fvg, fvg, fvg, fvg, fvg, fvg, fvg, fvg, fvg, fvg, fvg, fvg, fvg, fvg, fvg, fvg, fvg, fvg, fvg, fvg, fvg, fvg, fvg, fvg, fvg, fvg, fvg, fvg, fvg, fvg, fvg, fvg, fvg, fvg, fvg, fvg, fvg, fvg, fvg, fvg, fvg, fvg, fvg, fvg, fvg, fvg, fvg, fvg, fvg, fvg, fvg, fvg, fvg, fvg, fvg, fvg, fvg, fvg, fvg, fvg, fvg, fvg, fvg, fvg, fvg, fvg, fvg, fvg, fvg, fvg, fvg, fvg, fvg, fvg, fvg, fvg, fvg, fvg, fvg, fvg, fvg, fvg, fvg, fvg, fvg, fvg, fvg, fvg, fvg, fvg, fvg, fvg, fvg, fvg, fvg, fvg, fvg, fvg, fvg, fvg, fvg, fvg, fvg, fvg, fvg, fvg, fvg, fvg, fvg, fvg, fvg, fvg, fvg, fvg, fvg, fvg, fvg; [CONFIANÇA] 0.54 < 0.75; [QUALIDADE] 0.57 < 0.70; [SCORE INST] 0.57 < 0.70; [SCORE ESTRUT] 40.4 < 60; [CLASSIFICAÇÃO] bronze < exigido prata; [RVOL] 0.9x < mínimo 1.0x",,,,,,
2026-07-06T03:08:09.142778+00:00,ETHUSDT,1h,long,3553.0413,3532.282,3594.56,3615.3193,0.0,100.0,0.0,0.3513,3609.9816,3628.6995,3616.9562,0,0,0,1,1,0.5,0.5,0.5649,50.28,0.5302,0.5649,bronze,trending_down,trending_down,0.0,"{""5m"": ""ranging"", ""15m"": ""uptrend"", ""1h"": ""reversal"", ""4h"": ""ranging"", ""1d"": ""ranging""}",rejected,"[SMART MONEY] Apenas 2 confirmações (mínimo 4): order_block, order_block, fvg, fvg, fvg, fvg, fvg, fvg, fvg, fvg, fvg, fvg, fvg, fvg, fvg, fvg, fvg, fvg, fvg, fvg, fvg, fvg, fvg, fvg, fvg, fvg, fvg, fvg, fvg, fvg, fvg, fvg, fvg, fvg, fvg, fvg, fvg, fvg, fvg, fvg, fvg, fvg, fvg, fvg, fvg, fvg, fvg, fvg, fvg, fvg, fvg, fvg, fvg, fvg, fvg, fvg, fvg, fvg, fvg, fvg, fvg, fvg, fvg, fvg, fvg, fvg, fvg, fvg, fvg, fvg, fvg, fvg, fvg, fvg, fvg, fvg, fvg, fvg, fvg, fvg, fvg, fvg, fvg, fvg, fvg, fvg, fvg, fvg, fvg, fvg, fvg, fvg, fvg, fvg, fvg, fvg, fvg, fvg, fvg, fvg, fvg, fvg, fvg, fvg, fvg, fvg, fvg, fvg, fvg, fvg, fvg, fvg, fvg, fvg, fvg, fvg, fvg, fvg, fvg, fvg, fvg, fvg, fvg, fvg, fvg, fvg, fvg, fvg, fvg, fvg, fvg, fvg, fvg, fvg, fvg, fvg, fvg, fvg, fvg, fvg, fvg, fvg, fvg, fvg, fvg, fvg, fvg, fvg; [CONFIANÇA] 0.53 < 0.75; [QUALIDADE] 0.56 < 0.70; [SCORE INST] 0.56 < 0.70; [SCORE ESTRUT] 50.3 < 60; [CLASSIFICAÇÃO] bronze < exigido prata; [RVOL] 0.4x < mínimo 1.0x",,,,,,
2026-07-06T03:08:09.228880+00:00,SOLUSDT,1h,short,144.6063,145.3897,142.6479,141.6686,0.0,100.0,0.0,1.5362,146.6689,147.5158,147.4161,0,1,1,1,1,0.4,0.4,0.8449,70.19999999999999,0.9161,0.8449,ouro,trending_down,trending_down,0.0,"{""5m"": ""uptrend"", ""15m"": ""uptrend"", ""1h"": ""downtrend"", ""4h"": ""uptrend"", ""1d"": ""ranging""}",approved,,✓ ScoreInst=1 ScoreEstrut=70; ✓ Conf=92% Qual=1; ✓ RR TP1=2.50 TP2=3.75; ✓ Smart Money: 4/4+ confirmações; ✓ Regime=trending_down MTF alinhado; ✓ RVOL=1.5x Volume=True,,,,,
2026-07-06T03:08:09.247007+00:00,SOLUSDT,5m,short,150.5391,151.3225,148.5806,147.6014,0.0,100.0,0.0,0.4173,147.4557,145.0652,144.6409,1,1,0,1,1,0.3238,0.3238,0.819,65.91,0.9152,0.819,ouro,trending_down,trending_down,0.0,"{""5m"": ""uptrend"", ""15m"": ""uptrend"", ""1h"": ""downtrend"", ""4h"": ""uptrend"", ""1d"": ""ranging""}",rejected,[RVOL] 0.4x < mínimo 1.0x,,,,,,
2026-07-06T03:08:09.329229+00:00,SOLUSDT,4h,short,148.078,148.8614,146.1196,145.1404,0.0,94.91068421666016,0.0,0.2367,148.8637,147.367,146.9982,0,1,1,1,1,0.4,0.4,0.8133,64.45,0.9161,0.8133,ouro,trending_down,trending_down,0.0,"{""5m"": ""uptrend"", ""15m"": ""uptrend"", ""1h"": ""downtrend"", ""4h"": ""uptrend"", ""1d"": ""ranging""}",rejected,[RVOL] 0.2x < mínimo 1.0x,,,,,,
2026-07-06T03:08:09.332791+00:00,SOLUSDT,15m,short,148.3428,149.1262,146.3844,145.4052,0.0,80.261230307662,0.0,0.9104,149.7003,149.2145,148.6445,0,1,0,1,1,0.4,0.4,0.7391,51.9,0.7981,0.7391,prata,trending_down,trending_down,0.0,"{""5m"": ""uptrend"", ""15m"": ""uptrend"", ""1h"": ""downtrend"", ""4h"": ""uptrend"", ""1d"": ""ranging""}",rejected,"[SMART MONEY] Apenas 3 confirmações (mínimo 4): choch, order_block, order_block, order_block, fvg, fvg, fvg, fvg, fvg, fvg, fvg, fvg, fvg, fvg, fvg, fvg, fvg, fvg, fvg, fvg, fvg, fvg, fvg, fvg, fvg, fvg, fvg, fvg, fvg, fvg, fvg, fvg, fvg, fvg, fvg, fvg, fvg, fvg, fvg, fvg, fvg, fvg, fvg, fvg, fvg, fvg, fvg, fvg, fvg, fvg, fvg, fvg, fvg, fvg, fvg, fvg, fvg, fvg, fvg, fvg, fvg, fvg, fvg, fvg, fvg, fvg, fvg, fvg, fvg, fvg, fvg, fvg, fvg, fvg, fvg, fvg, fvg, fvg, fvg, fvg, fvg, fvg, fvg, fvg, fvg, fvg, fvg, fvg, fvg, fvg, fvg, fvg, fvg, fvg, fvg, fvg, fvg, fvg, fvg, fvg, fvg, fvg, fvg, fvg, fvg, fvg, fvg, fvg, fvg, fvg, fvg, fvg, fvg, fvg, fvg, fvg, fvg, fvg, fvg, fvg, fvg, fvg, fvg, fvg, fvg, fvg, fvg, fvg, fvg, fvg, fvg, fvg, fvg, fvg, fvg, fvg, fvg, fvg, fvg, fvg, fvg, fvg; [SCORE ESTRUT] 51.9 < 60; [RVOL] 0.9x < mínimo 1.0x",,,,,,
2026-07-06T03:08:09.418283+00:00,SOLUSDT,1d,short,145.606,146.3894,144.0393,143.2559,0.0,40.696635112268304,0.0,1.6165,144.9725,144.776,144.7603,0,0,1,0,1,0.4,0.4,0.6789,63.59,0.6605,0.6789,prata,trending_down,trending_down,0.0,"{""5m"": ""uptrend"", ""15m"": ""uptrend"", ""1h"": ""downtrend"", ""4h"": ""uptrend"", ""1d"": ""ranging""}",rejected,"[SMART MONEY] Apenas 2 confirmações (mínimo 4): fvg, fvg, fvg, fvg, fvg, fvg, fvg, fvg, fvg, fvg, fvg, fvg, fvg, fvg, fvg, fvg, fvg, fvg, fvg, fvg, fvg, fvg, fvg, fvg, fvg, fvg, fvg, fvg, fvg, fvg, fvg, fvg, fvg, fvg, fvg, fvg, fvg, fvg, fvg, fvg, fvg, fvg, fvg, fvg, fvg, fvg, fvg, fvg, fvg, fvg, fvg, fvg, fvg, fvg, fvg, fvg, fvg, fvg, fvg, fvg, fvg, fvg, fvg, fvg, fvg, fvg, fvg, fvg, fvg, fvg, fvg, fvg, fvg, fvg, fvg, fvg, fvg, fvg, fvg, fvg, fvg, fvg, fvg, fvg, fvg, fvg, fvg, fvg, fvg, fvg, fvg, fvg, fvg, fvg, fvg, fvg, fvg, fvg, fvg, fvg, fvg, fvg, fvg, fvg, fvg, fvg, fvg, fvg, fvg, fvg, fvg, fvg, fvg, fvg, fvg, fvg, fvg, fvg, fvg, fvg, fvg, fvg, fvg, fvg, fvg, fvg, fvg, fvg, fvg, fvg, fvg, fvg, fvg, fvg, fvg, fvg, fvg, fvg, fvg, fvg, fvg, liquidity_sweep, liquidity_sweep; [RR] TP1 2.00 < mínimo 2.0:1; [CONFIANÇA] 0.66 < 0.75; [QUALIDADE] 0.68 < 0.70; [SCORE INST] 0.68 < 0.70",,,,,,
2026-07-06T09:45:59.230650+00:00,BTCUSDT,1h,short,66194.7323,66521.1421,65541.9127,65215.5029,0.0,61.257432049224846,0.0,1.6532,67351.8464,67484.7332,67414.9452,0,1,0,0,1,0.4,0.4,0.6448,59.27,0.6702,0.6448,prata,ranging,ranging,0.0,"{""5m"": ""uptrend"", ""15m"": ""downtrend"", ""1h"": ""uptrend"", ""4h"": ""uptrend"", ""1d"": ""reversal""}",rejected,"[SMART MONEY] Apenas 2 confirmações (mínimo 3): choch, fvg, fvg, fvg, fvg, fvg, fvg, fvg, fvg, fvg, fvg, fvg, fvg, fvg, fvg, fvg, fvg, fvg, fvg, fvg, fvg, fvg, fvg, fvg, fvg, fvg, fvg, fvg, fvg, fvg, fvg, fvg, fvg, fvg, fvg, fvg, fvg, fvg, fvg, fvg, fvg, fvg, fvg, fvg, fvg, fvg, fvg, fvg, fvg, fvg, fvg, fvg, fvg, fvg, fvg, fvg, fvg, fvg, fvg, fvg, fvg, fvg, fvg, fvg, fvg, fvg, fvg, fvg, fvg, fvg, fvg, fvg, fvg, fvg, fvg, fvg, fvg, fvg, fvg, fvg, fvg, fvg, fvg, fvg, fvg, fvg, fvg, fvg, fvg, fvg, fvg, fvg, fvg, fvg, fvg, fvg, fvg, fvg, fvg, fvg, fvg, fvg, fvg, fvg, fvg, fvg, fvg, fvg, fvg, fvg, fvg, fvg, fvg, fvg, fvg, fvg, fvg, fvg, fvg, fvg, fvg, fvg, fvg, fvg, fvg, fvg, fvg, fvg, fvg, fvg, fvg, fvg, fvg, fvg, fvg, fvg, fvg, fvg, fvg, fvg, fvg, fvg, fvg, fvg, fvg, fvg, fvg, fvg, fvg, fvg, fvg, fvg, fvg, fvg, fvg, fvg; [CONFIANÇA] 0.67 < 0.75; [QUALIDADE] 0.64 < 0.70; [SCORE INST] 0.64 < 0.70; [REGIME] Mercado ranging — não operar",,,,,,
2026-07-06T09:45:59.262511+00:00,BTCUSDT,4h,short,68198.2196,68524.6294,67545.4,67218.9902,0.0,97.42504796455174,0.0,0.286,68775.2845,67658.8404,67344.0919,0,1,0,1,1,0.394,0.394,0.6446,55.17999999999999,0.7078,0.6446,prata,ranging,ranging,0.0,"{""5m"": ""uptrend"", ""15m"": ""downtrend"", ""1h"": ""uptrend"", ""4h"": ""uptrend"", ""1d"": ""reversal""}",rejected,[CONFIANÇA] 0.71 < 0.75; [QUALIDADE] 0.64 < 0.70; [SCORE INST] 0.64 < 0.70; [REGIME] Mercado ranging — não operar; [RVOL] 0.3x < mínimo 0.5x,,,,,,
2026-07-06T09:45:59.265322+00:00,BTCUSDT,5m,short,67298.8274,67625.2372,66646.0078,66319.598,0.0,100.0,0.0,0.2809,68532.0818,67965.2557,67716.6361,0,1,0,1,1,0.2562,0.2562,0.6401,51.44,0.7082,0.6401,prata,ranging,ranging,0.0,"{""5m"": ""uptrend"", ""15m"": ""downtrend"", ""1h"": ""uptrend"", ""4h"": ""uptrend"", ""1d"": ""reversal""}",rejected,[CONFIANÇA] 0.71 < 0.75; [QUALIDADE] 0.64 < 0.70; [SCORE INST] 0.64 < 0.70; [REGIME] Mercado ranging — não operar; [RVOL] 0.3x < mínimo 0.5x,,,,,,
2026-07-06T09:45:59.271803+00:00,BTCUSDT,15m,long,66496.5936,66170.1838,67149.4132,67475.823,0.0,100.0,0.0,0.9742,67302.396,67500.523,67344.6029,0,1,0,0,1,0.4,0.4,0.6351,56.599999999999994,0.6702,0.6351,prata,ranging,ranging,0.0,"{""5m"": ""uptrend"", ""15m"": ""downtrend"", ""1h"": ""uptrend"", ""4h"": ""uptrend"", ""1d"": ""reversal""}",rejected,"[SMART MONEY] Apenas 2 confirmações (mínimo 3): choch, fvg, fvg, fvg, fvg, fvg, fvg, fvg, fvg, fvg, fvg, fvg, fvg, fvg, fvg, fvg, fvg, fvg, fvg, fvg, fvg, fvg, fvg, fvg, fvg, fvg, fvg, fvg, fvg, fvg, fvg, fvg, fvg, fvg, fvg, fvg, fvg, fvg, fvg, fvg, fvg, fvg, fvg, fvg, fvg, fvg, fvg, fvg, fvg, fvg, fvg, fvg, fvg, fvg, fvg, fvg, fvg, fvg, fvg, fvg, fvg, fvg, fvg, fvg, fvg, fvg, fvg, fvg, fvg, fvg, fvg, fvg, fvg, fvg, fvg, fvg, fvg, fvg, fvg, fvg, fvg, fvg, fvg, fvg, fvg, fvg, fvg, fvg, fvg, fvg, fvg, fvg, fvg, fvg, fvg, fvg, fvg, fvg, fvg, fvg, fvg, fvg, fvg, fvg, fvg, fvg, fvg, fvg, fvg, fvg, fvg, fvg, fvg, fvg, fvg, fvg, fvg, fvg, fvg, fvg, fvg, fvg, fvg, fvg, fvg, fvg, fvg, fvg, fvg, fvg, fvg, fvg, fvg, fvg, fvg, fvg, fvg, fvg, fvg, fvg, fvg, fvg, fvg, fvg, fvg, fvg, fvg, fvg, fvg; [CONFIANÇA] 0.67 < 0.75; [QUALIDADE] 0.64 < 0.70; [SCORE INST] 0.64 < 0.70; [REGIME] Mercado ranging — não operar",,,,,,
2026-07-06T09:45:59.276851+00:00,BTCUSDT,1d,short,67801.5047,68127.9145,67311.89,67067.0826,0.0,78.857747651328,0.0,1.5355,67122.0025,66303.54,65882.8082,0,0,0,1,1,0.5,0.5,0.4989,48.309999999999995,0.4404,0.4989,bronze,ranging,ranging,0.0,"{""5m"": ""uptrend"", ""15m"": ""downtrend"", ""1h"": ""uptrend"", ""4h"": ""uptrend"", ""1d"": ""reversal""}",rejected,"[SMART MONEY] Apenas 2 confirmações (mínimo 3): order_block, order_block, order_block, order_block, fvg, fvg, fvg, fvg, fvg, fvg, fvg, fvg, fvg, fvg, fvg, fvg, fvg, fvg, fvg, fvg, fvg, fvg, fvg, fvg, fvg, fvg, fvg, fvg, fvg, fvg, fvg, fvg, fvg, fvg, fvg, fvg, fvg, fvg, fvg, fvg, fvg, fvg, fvg, fvg, fvg, fvg, fvg, fvg, fvg, fvg, fvg, fvg, fvg, fvg, fvg, fvg, fvg, fvg, fvg, fvg, fvg, fvg, fvg, fvg, fvg, fvg, fvg, fvg, fvg, fvg, fvg, fvg, fvg, fvg, fvg, fvg, fvg, fvg, fvg, fvg, fvg, fvg, fvg, fvg, fvg, fvg, fvg, fvg, fvg, fvg, fvg, fvg, fvg, fvg, fvg, fvg, fvg, fvg, fvg, fvg, fvg, fvg, fvg, fvg, fvg, fvg, fvg, fvg, fvg, fvg, fvg, fvg, fvg, fvg, fvg, fvg, fvg, fvg, fvg, fvg, fvg, fvg, fvg, fvg, fvg, fvg, fvg, fvg, fvg, fvg, fvg, fvg, fvg, fvg, fvg, fvg, fvg, fvg, fvg, fvg, fvg, fvg, fvg, fvg, fvg, fvg, fvg, fvg, fvg, fvg, fvg, fvg, fvg, fvg, fvg, fvg, fvg, fvg, fvg; [RR] TP1 1.50 < mínimo 2.0:1; [CONFIANÇA] 0.44 < 0.75; [QUALIDADE] 0.50 < 0.70; [SCORE INST] 0.50 < 0.70; [SCORE ESTRUT] 48.3 < 50; [REGIME] Mercado ranging — não operar",,,,,,
2026-07-06T09:45:59.332779+00:00,ETHUSDT,15m,short,3512.8171,3526.7716,3477.9308,3460.4877,0.0,100.0,0.0,0.9777,3577.659,3593.7256,3583.6995,1,1,0,1,1,0.4,0.4,0.7246,67.60000000000001,0.8252,0.7246,prata,ranging,ranging,0.0,"{""5m"": ""reversal"", ""15m"": ""downtrend"", ""1h"": ""uptrend"", ""4h"": ""uptrend"", ""1d"": ""uptrend""}",approved,,✓ ScoreInst=1 ScoreEstrut=68; ✓ Conf=83% Qual=1; ✓ RR TP1=2.50 TP2=3.75; ✓ Smart Money: 4/4+ confirmações; ✓ Regime=ranging MTF alinhado; ✓ RVOL=1.0x Volume=True,,,,,
2026-07-06T09:45:59.345878+00:00,ETHUSDT,4h,short,3594.3718,3608.3263,3559.4855,3542.0424,0.0,90.4756950539568,0.0,0.9932,3519.4441,3455.5933,3451.0004,1,1,0,1,1,0.4,0.4,0.7244,68.71000000000001,0.8253,0.7244,prata,ranging,ranging,0.0,"{""5m"": ""reversal"", ""15m"": ""downtrend"", ""1h"": ""uptrend"", ""4h"": ""uptrend"", ""1d"": ""uptrend""}",approved,,✓ ScoreInst=1 ScoreEstrut=69; ✓ Conf=83% Qual=1; ✓ RR TP1=2.50 TP2=3.75; ✓ Smart Money: 4/4+ confirmações; ✓ Regime=ranging MTF alinhado; ✓ RVOL=1.0x Volume=True,,,,,
2026-07-06T09:45:59.348763+00:00,ETHUSDT,1d,long,3543.3196,3529.3651,3571.2286,3585.1831,0.0,53.283530668372435,0.0,0.6933,3547.8379,3532.3176,3524.4947,0,1,0,1,1,0.4,0.4,0.6217,50.339999999999996,0.7083,0.6217,prata,ranging,ranging,0.0,"{""5m"": ""reversal"", ""15m"": ""downtrend"", ""1h"": ""uptrend"", ""4h"": ""uptrend"", ""1d"": ""uptrend""}",rejected,[CONFIANÇA] 0.71 < 0.75; [QUALIDADE] 0.62 < 0.70; [SCORE INST] 0.62 < 0.70; [REGIME] Mercado ranging — não operar,,,,,,
2026-07-06T09:45:59.355819+00:00,ETHUSDT,1h,long,3450.5744,3436.6199,3478.4834,3492.4379,0.0,20.84182846983073,0.0,0.461,3460.6669,3468.0451,3473.1312,0,1,0,1,1,0.4,0.4,0.6132,51.31,0.7082,0.6132,prata,ranging,ranging,0.0,"{""5m"": ""reversal"", ""15m"": ""downtrend"", ""1h"": ""uptrend"", ""4h"": ""uptrend"", ""1d"": ""uptrend""}",rejected,[CONFIANÇA] 0.71 < 0.75; [QUALIDADE] 0.61 < 0.70; [SCORE INST] 0.61 < 0.70; [REGIME] Mercado ranging — não operar; [RVOL] 0.5x < mínimo 0.5x,,,,,,
2026-07-06T09:45:59.360227+00:00,ETHUSDT,5m,long,3523.8652,3509.9107,3551.7742,3565.7287,0.0,21.464972703549495,0.0,1.799,3500.4736,3494.8467,3493.1965,0,0,1,1,1,0.5,0.5,0.5718,68.93,0.5583,0.5718,bronze,ranging,ranging,0.0,"{""5m"": ""reversal"", ""15m"": ""downtrend"", ""1h"": ""uptrend"", ""4h"": ""uptrend"", ""1d"": ""uptrend""}",rejected,[CONFIANÇA] 0.56 < 0.75; [QUALIDADE] 0.57 < 0.70; [SCORE INST] 0.57 < 0.70; [REGIME] Mercado ranging — não operar,,,,,,
2026-07-06T09:45:59.416331+00:00,SOLUSDT,15m,long,144.184,143.3661,146.229,147.2515,0.0,95.05534640985255,0.0,1.3404,140.9959,139.5068,140.1554,1,1,0,1,1,0.4,0.4,0.7421,69.17,0.8252,0.7421,prata,ranging,ranging,0.0,"{""5m"": ""uptrend"", ""15m"": ""uptrend"", ""1h"": ""uptrend"", ""4h"": ""ranging"", ""1d"": ""reversal""}",approved,,✓ ScoreInst=1 ScoreEstrut=69; ✓ Conf=83% Qual=1; ✓ RR TP1=2.50 TP2=3.75; ✓ Smart Money: 4/4+ confirmações; ✓ Regime=ranging MTF alinhado; ✓ RVOL=1.3x Volume=True,,,,,
2026-07-06T09:45:59.419918+00:00,SOLUSDT,1h,short,148.3576,149.1756,146.3127,145.2902,0.0,61.39049036326735,0.0,1.5064,148.6238,147.8478,147.271,0,1,1,1,1,0.4,0.4,0.7315,63.23,0.8258,0.7315,prata,ranging,ranging,0.0,"{""5m"": ""uptrend"", ""15m"": ""uptrend"", ""1h"": ""uptrend"", ""4h"": ""ranging"", ""1d"": ""reversal""}",approved,,✓ ScoreInst=1 ScoreEstrut=63; ✓ Conf=83% Qual=1; ✓ RR TP1=2.50 TP2=3.75; ✓ Smart Money: 4/4+ confirmações; ✓ Regime=ranging MTF alinhado; ✓ RVOL=1.5x Volume=True,,,,,
2026-07-06T09:45:59.422448+00:00,SOLUSDT,5m,short,149.9328,150.7507,148.2968,147.4788,0.0,56.113701197919106,0.0,0.5404,148.3475,146.4001,145.805,1,1,0,0,1,0.4,0.4,0.6924,64.99000000000001,0.7876,0.6924,prata,ranging,ranging,0.0,"{""5m"": ""uptrend"", ""15m"": ""uptrend"", ""1h"": ""uptrend"", ""4h"": ""ranging"", ""1d"": ""reversal""}",rejected,[QUALIDADE] 0.69 < 0.70; [SCORE INST] 0.69 < 0.70; [REGIME] Mercado ranging — não operar,,,,,,
2026-07-06T09:45:59.425074+00:00,SOLUSDT,1d,short,149.9968,150.8148,148.7698,148.1563,0.0,9.2712694889384,0.0,1.6109,150.7475,150.5948,150.06,0,0,0,1,1,0.5,0.5,0.4724,41.39,0.4401,0.4724,bronze,ranging,ranging,0.0,"{""5m"": ""uptrend"", ""15m"": ""uptrend"", ""1h"": ""uptrend"", ""4h"": ""ranging"", ""1d"": ""reversal""}",rejected,"[SMART MONEY] Apenas 2 confirmações (mínimo 3): order_block, fvg, fvg, fvg, fvg, fvg, fvg, fvg, fvg, fvg, fvg, fvg, fvg, fvg, fvg, fvg, fvg, fvg, fvg, fvg, fvg, fvg, fvg, fvg, fvg, fvg, fvg, fvg, fvg, fvg, fvg, fvg, fvg, fvg, fvg, fvg, fvg, fvg, fvg, fvg, fvg, fvg, fvg, fvg, fvg, fvg, fvg, fvg, fvg, fvg, fvg, fvg, fvg, fvg, fvg, fvg, fvg, fvg, fvg, fvg, fvg, fvg, fvg, fvg, fvg, fvg, fvg, fvg, fvg, fvg, fvg, fvg, fvg, fvg, fvg, fvg, fvg, fvg, fvg, fvg, fvg, fvg, fvg, fvg, fvg, fvg, fvg, fvg, fvg, fvg, fvg, fvg, fvg, fvg, fvg, fvg, fvg, fvg, fvg, fvg, fvg, fvg, fvg, fvg, fvg, fvg, fvg, fvg, fvg, fvg, fvg, fvg, fvg, fvg, fvg, fvg, fvg, fvg, fvg, fvg, fvg, fvg, fvg, fvg, fvg, fvg, fvg, fvg, fvg, fvg, fvg, fvg, fvg, fvg, fvg, fvg, fvg, fvg, fvg, fvg, fvg, fvg, fvg, fvg, fvg; [RR] TP1 1.50 < mínimo 2.0:1; [CONFIANÇA] 0.44 < 0.75; [QUALIDADE] 0.47 < 0.70; [SCORE INST] 0.47 < 0.70; [SCORE ESTRUT] 41.4 < 50; [REGIME] Mercado ranging — não operar; [ADX] 9.3 < 20 — tendência fraca",,,,,,
2026-07-06T09:47:01.908940+00:00,BTCUSDT,5m,short,64370.5309,64667.4681,63628.1881,63257.0166,0.0,0.9320310462043336,0.0,1.7106,64879.8626,65706.6462,65817.1369,0,1,1,1,1,0.4,0.4,0.8188,68.03,0.916,0.8188,ouro,trending_up,trending_up,0.0,"{""5m"": ""downtrend"", ""15m"": ""downtrend"", ""1h"": ""ranging"", ""4h"": ""uptrend"", ""1d"": ""ranging""}",approved,,✓ ScoreInst=1 ScoreEstrut=68; ✓ Conf=92% Qual=1; ✓ RR TP1=2.50 TP2=3.75; ✓ Smart Money: 4/4+ confirmações; ✓ Regime=trending_up MTF alinhado; ✓ RVOL=1.7x Volume=True,,,,,
2026-07-06T09:47:01.914363+00:00,BTCUSDT,4h,short,65889.1947,66186.1319,65146.8518,64775.6804,0.0,97.74493131426121,0.0,1.8244,66669.7612,66744.6216,66610.2803,0,1,0,0,1,0.4,0.4,0.7348,55.88999999999999,0.7602,0.7348,prata,trending_up,trending_up,0.0,"{""5m"": ""downtrend"", ""15m"": ""downtrend"", ""1h"": ""ranging"", ""4h"": ""uptrend"", ""1d"": ""ranging""}",rejected,"[SMART MONEY] Apenas 2 confirmações (mínimo 3): choch, fvg, fvg, fvg, fvg, fvg, fvg, fvg, fvg, fvg, fvg, fvg, fvg, fvg, fvg, fvg, fvg, fvg, fvg, fvg, fvg, fvg, fvg, fvg, fvg, fvg, fvg, fvg, fvg, fvg, fvg, fvg, fvg, fvg, fvg, fvg, fvg, fvg, fvg, fvg, fvg, fvg, fvg, fvg, fvg, fvg, fvg, fvg, fvg, fvg, fvg, fvg, fvg, fvg, fvg, fvg, fvg, fvg, fvg, fvg, fvg, fvg, fvg, fvg, fvg, fvg, fvg, fvg, fvg, fvg, fvg, fvg, fvg, fvg, fvg, fvg, fvg, fvg, fvg, fvg, fvg, fvg, fvg, fvg, fvg, fvg, fvg, fvg, fvg, fvg, fvg, fvg, fvg, fvg, fvg, fvg, fvg, fvg, fvg, fvg, fvg, fvg, fvg, fvg, fvg, fvg, fvg, fvg, fvg, fvg, fvg, fvg, fvg, fvg, fvg, fvg, fvg, fvg, fvg, fvg, fvg, fvg, fvg, fvg, fvg, fvg, fvg, fvg, fvg, fvg, fvg, fvg, fvg, fvg, fvg, fvg, fvg, fvg, fvg, fvg, fvg",,,,,,
2026-07-06T09:47:01.918810+00:00,BTCUSDT,15m,short,66545.8102,66842.7474,65803.4673,65432.2959,0.0,92.14635804641016,0.0,0.4807,67360.1693,67323.1274,67097.6128,0,1,0,1,1,0.4,0.4,0.7311,55.120000000000005,0.798,0.7311,prata,trending_up,trending_up,0.0,"{""5m"": ""downtrend"", ""15m"": ""downtrend"", ""1h"": ""ranging"", ""4h"": ""uptrend"", ""1d"": ""ranging""}",rejected,[RVOL] 0.5x < mínimo 0.5x,,,,,,
2026-07-06T09:47:01.932805+00:00,BTCUSDT,1d,short,67418.2143,67715.1514,66824.34,66527.4028,0.0,80.25420446378106,0.0,0.8238,65650.5397,65138.2928,64937.6058,0,0,0,1,1,0.4,0.4,0.6035,50.0,0.5801,0.6035,prata,trending_up,trending_up,0.0,"{""5m"": ""downtrend"", ""15m"": ""downtrend"", ""1h"": ""ranging"", ""4h"": ""uptrend"", ""1d"": ""ranging""}",rejected,"[SMART MONEY] Apenas 2 confirmações (mínimo 3): order_block, fvg, fvg, fvg, fvg, fvg, fvg, fvg, fvg, fvg, fvg, fvg, fvg, fvg, fvg, fvg, fvg, fvg, fvg, fvg, fvg, fvg, fvg, fvg, fvg, fvg, fvg, fvg, fvg, fvg, fvg, fvg, fvg, fvg, fvg, fvg, fvg, fvg, fvg, fvg, fvg, fvg, fvg, fvg, fvg, fvg, fvg, fvg, fvg, fvg, fvg, fvg, fvg, fvg, fvg, fvg, fvg, fvg, fvg, fvg, fvg, fvg, fvg, fvg, fvg, fvg, fvg, fvg, fvg, fvg, fvg, fvg, fvg, fvg, fvg, fvg, fvg, fvg, fvg, fvg, fvg, fvg, fvg, fvg, fvg, fvg, fvg, fvg, fvg, fvg, fvg, fvg, fvg, fvg, fvg, fvg, fvg, fvg, fvg, fvg, fvg, fvg, fvg, fvg, fvg, fvg, fvg, fvg, fvg, fvg, fvg, fvg, fvg, fvg, fvg, fvg, fvg, fvg, fvg, fvg, fvg, fvg, fvg, fvg, fvg, fvg, fvg, fvg, fvg, fvg, fvg, fvg, fvg, fvg, fvg, fvg, fvg, fvg, fvg, fvg, fvg, fvg, fvg, fvg, fvg, fvg; [CONFIANÇA] 0.58 < 0.75; [QUALIDADE] 0.60 < 0.70; [SCORE INST] 0.60 < 0.70",,,,,,
2026-07-06T09:47:01.936988+00:00,BTCUSDT,1h,short,64869.8226,65166.7598,64275.9483,63979.0112,0.0,100.0,0.0,0.8898,64088.9464,64104.4849,64150.7672,0,0,0,1,1,0.4,0.4,0.6009,44.2,0.5803,0.6009,prata,trending_up,trending_up,0.0,"{""5m"": ""downtrend"", ""15m"": ""downtrend"", ""1h"": ""ranging"", ""4h"": ""uptrend"", ""1d"": ""ranging""}",rejected,"[SMART MONEY] Apenas 2 confirmações (mínimo 3): order_block, order_block, order_block, fvg, fvg, fvg, fvg, fvg, fvg, fvg, fvg, fvg, fvg, fvg, fvg, fvg, fvg, fvg, fvg, fvg, fvg, fvg, fvg, fvg, fvg, fvg, fvg, fvg, fvg, fvg, fvg, fvg, fvg, fvg, fvg, fvg, fvg, fvg, fvg, fvg, fvg, fvg, fvg, fvg, fvg, fvg, fvg, fvg, fvg, fvg, fvg, fvg, fvg, fvg, fvg, fvg, fvg, fvg, fvg, fvg, fvg, fvg, fvg, fvg, fvg, fvg, fvg, fvg, fvg, fvg, fvg, fvg, fvg, fvg, fvg, fvg, fvg, fvg, fvg, fvg, fvg, fvg, fvg, fvg, fvg, fvg, fvg, fvg, fvg, fvg, fvg, fvg, fvg, fvg, fvg, fvg, fvg, fvg, fvg, fvg, fvg, fvg, fvg, fvg, fvg, fvg, fvg, fvg, fvg, fvg, fvg, fvg, fvg, fvg, fvg, fvg, fvg, fvg, fvg, fvg, fvg, fvg, fvg, fvg, fvg, fvg, fvg, fvg, fvg, fvg, fvg, fvg, fvg, fvg, fvg, fvg, fvg, fvg, fvg, fvg, fvg, fvg, fvg, fvg, fvg, fvg, fvg, fvg, fvg, fvg, fvg, fvg; [RR] TP1 2.00 < mínimo 2.0:1; [CONFIANÇA] 0.58 < 0.75; [QUALIDADE] 0.60 < 0.70; [SCORE INST] 0.60 < 0.70; [SCORE ESTRUT] 44.2 < 50",,,,,,
2026-07-06T09:47:01.999129+00:00,ETHUSDT,1h,short,3734.1783,3755.2257,3681.5597,3655.2504,0.0,100.0,0.0,2.2149,3774.8129,3719.0855,3690.1377,0,1,1,1,1,0.4,0.4,0.7577,67.96,0.8256,0.7577,ouro,ranging,ranging,0.0,"{""5m"": ""uptrend"", ""15m"": ""ranging"", ""1h"": ""uptrend"", ""4h"": ""reversal"", ""1d"": ""uptrend""}",approved,,✓ ScoreInst=1 ScoreEstrut=68; ✓ Conf=83% Qual=1; ✓ RR TP1=2.50 TP2=3.75; ✓ Smart Money: 4/4+ confirmações; ✓ Regime=ranging MTF alinhado; ✓ RVOL=2.2x Volume=True,,,,,
2026-07-06T09:47:02.002694+00:00,ETHUSDT,1d,short,3618.801,3639.8485,3566.1825,3539.8732,0.0,100.0,0.0,2.1649,3659.261,3631.0671,3614.6344,0,1,1,1,1,0.4,0.4,0.7533,64.29,0.8256,0.7533,ouro,ranging,ranging,0.0,"{""5m"": ""uptrend"", ""15m"": ""ranging"", ""1h"": ""uptrend"", ""4h"": ""reversal"", ""1d"": ""uptrend""}",approved,,✓ ScoreInst=1 ScoreEstrut=64; ✓ Conf=83% Qual=1; ✓ RR TP1=2.50 TP2=3.75; ✓ Smart Money: 4/4+ confirmações; ✓ Regime=ranging MTF alinhado; ✓ RVOL=2.2x Volume=True,,,,,
2026-07-06T09:47:02.007295+00:00,ETHUSDT,5m,short,3624.0973,3645.1447,3582.0024,3560.955,0.0,84.08637502712779,0.0,0.9251,3652.7543,3630.2812,3611.9876,0,1,0,1,1,0.4,0.4,0.646,51.93,0.7079,0.646,prata,ranging,ranging,0.0,"{""5m"": ""uptrend"", ""15m"": ""ranging"", ""1h"": ""uptrend"", ""4h"": ""reversal"", ""1d"": ""uptrend""}",rejected,[CONFIANÇA] 0.71 < 0.75; [QUALIDADE] 0.65 < 0.70; [SCORE INST] 0.65 < 0.70; [REGIME] Mercado ranging — não operar,,,,,,
2026-07-06T09:47:02.010121+00:00,ETHUSDT,4h,short,3699.7871,3720.8345,3657.6922,3636.6448,0.0,25.326842130288785,0.0,0.5659,3654.2432,3611.6803,3591.8223,1,0,1,1,1,0.5,0.5,0.6307,69.13,0.6755,0.6307,prata,ranging,ranging,0.0,"{""5m"": ""uptrend"", ""15m"": ""ranging"", ""1h"": ""uptrend"", ""4h"": ""reversal"", ""1d"": ""uptrend""}",rejected,[CONFIANÇA] 0.68 < 0.75; [QUALIDADE] 0.63 < 0.70; [SCORE INST] 0.63 < 0.70; [REGIME] Mercado ranging — não operar,,,,,,
2026-07-06T09:47:02.068047+00:00,SOLUSDT,5m,long,147.3089,146.6588,148.934,149.7465,0.0,16.622710178112378,0.0,1.1069,148.6216,148.4849,148.0386,0,1,1,1,1,0.4,0.4,0.7204,64.85,0.8261,0.7204,prata,ranging,ranging,0.0,"{""5m"": ""downtrend"", ""15m"": ""uptrend"", ""1h"": ""downtrend"", ""4h"": ""reversal"", ""1d"": ""reversal""}",approved,,✓ ScoreInst=1 ScoreEstrut=65; ✓ Conf=83% Qual=1; ✓ RR TP1=2.50 TP2=3.75; ✓ Smart Money: 4/4+ confirmações; ✓ Regime=ranging MTF alinhado; ✓ RVOL=1.1x Volume=True,,,,,
2026-07-06T09:47:02.070524+00:00,SOLUSDT,15m,long,148.9026,148.2525,150.2027,150.8527,0.0,100.0,0.0,1.6402,150.904,149.7456,149.1326,0,1,0,1,1,0.4,0.4,0.6657,53.190000000000005,0.7078,0.6657,prata,ranging,ranging,0.0,"{""5m"": ""downtrend"", ""15m"": ""uptrend"", ""1h"": ""downtrend"", ""4h"": ""reversal"", ""1d"": ""reversal""}",rejected,[RR] TP1 2.00 < mínimo 2.0:1; [CONFIANÇA] 0.71 < 0.75; [QUALIDADE] 0.67 < 0.70; [SCORE INST] 0.67 < 0.70; [REGIME] Mercado ranging — não operar,,,,,,
2026-07-06T09:47:02.074388+00:00,SOLUSDT,1h,short,149.3227,149.9727,148.0226,147.3725,0.0,41.44695322179223,0.0,1.5608,148.7523,148.1985,147.9738,0,1,0,1,1,0.4,0.4,0.6521,52.55,0.7081,0.6521,prata,ranging,ranging,0.0,"{""5m"": ""downtrend"", ""15m"": ""uptrend"", ""1h"": ""downtrend"", ""4h"": ""reversal"", ""1d"": ""reversal""}",rejected,[CONFIANÇA] 0.71 < 0.75; [QUALIDADE] 0.65 < 0.70; [SCORE INST] 0.65 < 0.70; [REGIME] Mercado ranging — não operar,,,,,,
2026-07-06T09:47:02.083368+00:00,SOLUSDT,1d,short,147.6032,148.2533,146.3031,145.6531,0.0,72.58836457816857,0.0,1.1034,147.5452,147.7208,147.5577,0,0,1,0,1,0.5,0.5,0.5413,51.74999999999999,0.5202,0.5413,bronze,ranging,ranging,0.0,"{""5m"": ""downtrend"", ""15m"": ""uptrend"", ""1h"": ""downtrend"", ""4h"": ""reversal"", ""1d"": ""reversal""}",rejected,"[SMART MONEY] Apenas 2 confirmações (mínimo 3): fvg, fvg, fvg, fvg, fvg, fvg, fvg, fvg, fvg, fvg, fvg, fvg, fvg, fvg, fvg, fvg, fvg, fvg, fvg, fvg, fvg, fvg, fvg, fvg, fvg, fvg, fvg, fvg, fvg, fvg, fvg, fvg, fvg, fvg, fvg, fvg, fvg, fvg, fvg, fvg, fvg, fvg, fvg, fvg, fvg, fvg, fvg, fvg, fvg, fvg, fvg, fvg, fvg, fvg, fvg, fvg, fvg, fvg, fvg, fvg, fvg, fvg, fvg, fvg, fvg, fvg, fvg, fvg, fvg, fvg, fvg, fvg, fvg, fvg, fvg, fvg, fvg, fvg, fvg, fvg, fvg, fvg, fvg, fvg, fvg, fvg, fvg, fvg, fvg, fvg, fvg, fvg, fvg, fvg, fvg, fvg, fvg, fvg, fvg, fvg, fvg, fvg, fvg, fvg, fvg, fvg, fvg, fvg, fvg, fvg, fvg, fvg, fvg, fvg, fvg, fvg, fvg, fvg, fvg, fvg, fvg, fvg, fvg, fvg, fvg, fvg, fvg, fvg, fvg, fvg, fvg, fvg, fvg, fvg, fvg, fvg, fvg, fvg, fvg, fvg, fvg, fvg, fvg, fvg, fvg, fvg, fvg, fvg, fvg, liquidity_sweep; [RR] TP1 2.00 < mínimo 2.0:1; [CONFIANÇA] 0.52 < 0.75; [QUALIDADE] 0.54 < 0.70; [SCORE INST] 0.54 < 0.70; [REGIME] Mercado ranging — não operar",,,,,,
2026-07-06T09:47:02.085915+00:00,SOLUSDT,4h,short,151.1417,151.7917,150.1666,149.6791,0.0,100.0,0.0,0.3741,149.1973,146.5021,146.0351,0,0,0,1,1,0.5,0.5,0.4833,49.309999999999995,0.4401,0.4833,bronze,ranging,ranging,0.0,"{""5m"": ""downtrend"", ""15m"": ""uptrend"", ""1h"": ""downtrend"", ""4h"": ""reversal"", ""1d"": ""reversal""}",rejected,"[SMART MONEY] Apenas 2 confirmações (mínimo 3): order_block, fvg, fvg, fvg, fvg, fvg, fvg, fvg, fvg, fvg, fvg, fvg, fvg, fvg, fvg, fvg, fvg, fvg, fvg, fvg, fvg, fvg, fvg, fvg, fvg, fvg, fvg, fvg, fvg, fvg, fvg, fvg, fvg, fvg, fvg, fvg, fvg, fvg, fvg, fvg, fvg, fvg, fvg, fvg, fvg, fvg, fvg, fvg, fvg, fvg, fvg, fvg, fvg, fvg, fvg, fvg, fvg, fvg, fvg, fvg, fvg, fvg, fvg, fvg, fvg, fvg, fvg, fvg, fvg, fvg, fvg, fvg, fvg, fvg, fvg, fvg, fvg, fvg, fvg, fvg, fvg, fvg, fvg, fvg, fvg, fvg, fvg, fvg, fvg, fvg, fvg, fvg, fvg, fvg, fvg, fvg, fvg, fvg, fvg, fvg, fvg, fvg, fvg, fvg, fvg, fvg, fvg, fvg, fvg, fvg, fvg, fvg, fvg, fvg, fvg, fvg, fvg, fvg, fvg, fvg, fvg, fvg, fvg, fvg, fvg, fvg, fvg, fvg, fvg, fvg, fvg, fvg, fvg, fvg, fvg, fvg, fvg, fvg, fvg, fvg, fvg, fvg, fvg, fvg, fvg, fvg, fvg, fvg, fvg, fvg, fvg, fvg; [RR] TP1 1.50 < mínimo 2.0:1; [CONFIANÇA] 0.44 < 0.75; [QUALIDADE] 0.48 < 0.70; [SCORE INST] 0.48 < 0.70; [SCORE ESTRUT] 49.3 < 50; [REGIME] Mercado ranging — não operar; [RVOL] 0.4x < mínimo 0.5x",,,,,,
2026-07-06T09:47:06.869041+00:00,BTCUSDT,5m,short,64370.5309,64667.4681,63628.1881,63257.0166,0.0,0.9320310462043336,0.0,1.7106,64879.8626,65706.6462,65817.1369,0,1,1,1,1,0.4,0.4,0.8188,68.03,0.916,0.8188,ouro,trending_up,trending_up,0.0,"{""5m"": ""downtrend"", ""15m"": ""downtrend"", ""1h"": ""ranging"", ""4h"": ""uptrend"", ""1d"": ""ranging""}",approved,,✓ ScoreInst=1 ScoreEstrut=68; ✓ Conf=92% Qual=1; ✓ RR TP1=2.50 TP2=3.75; ✓ Smart Money: 4/4+ confirmações; ✓ Regime=trending_up MTF alinhado; ✓ RVOL=1.7x Volume=True,,,,,
2026-07-06T09:47:06.873071+00:00,ETHUSDT,1h,short,3734.1783,3755.2257,3681.5597,3655.2504,0.0,100.0,0.0,2.2149,3774.8129,3719.0855,3690.1377,0,1,1,1,1,0.4,0.4,0.7577,67.96,0.8256,0.7577,ouro,ranging,ranging,0.0,"{""5m"": ""uptrend"", ""15m"": ""ranging"", ""1h"": ""uptrend"", ""4h"": ""reversal"", ""1d"": ""uptrend""}",approved,,✓ ScoreInst=1 ScoreEstrut=68; ✓ Conf=83% Qual=1; ✓ RR TP1=2.50 TP2=3.75; ✓ Smart Money: 4/4+ confirmações; ✓ Regime=ranging MTF alinhado; ✓ RVOL=2.2x Volume=True,,,,,
2026-07-06T09:48:02.253149+00:00,BTCUSDT,5m,short,66382.7464,66682.069,65634.4397,65260.2864,0.0,67.74701661299588,0.0,1.5687,66484.5469,66216.3608,65959.3559,0,1,1,1,1,0.4,0.4,0.7379,62.8,0.8256,0.7379,prata,ranging,ranging,0.0,"{""5m"": ""uptrend"", ""15m"": ""uptrend"", ""1h"": ""uptrend"", ""4h"": ""uptrend"", ""1d"": ""ranging""}",approved,,✓ ScoreInst=1 ScoreEstrut=63; ✓ Conf=83% Qual=1; ✓ RR TP1=2.50 TP2=3.75; ✓ Smart Money: 4/4+ confirmações; ✓ Regime=ranging MTF alinhado; ✓ RVOL=1.6x Volume=True,,,,,
2026-07-06T09:48:02.255677+00:00,BTCUSDT,4h,long,67244.6147,66945.2921,67992.9214,68367.0747,0.0,71.57376220904693,0.0,0.5169,66244.2496,65380.8644,65050.4947,1,1,0,1,1,0.2698,0.2698,0.7172,62.0,0.8259,0.7172,prata,ranging,ranging,0.0,"{""5m"": ""uptrend"", ""15m"": ""uptrend"", ""1h"": ""uptrend"", ""4h"": ""uptrend"", ""1d"": ""ranging""}",approved,,✓ ScoreInst=1 ScoreEstrut=62; ✓ Conf=83% Qual=1; ✓ RR TP1=2.50 TP2=3.75; ✓ Smart Money: 4/4+ confirmações; ✓ Regime=ranging MTF alinhado; ✓ RVOL=0.5x Volume=True,,,,,
2026-07-06T09:48:02.257921+00:00,BTCUSDT,1h,short,68121.2719,68420.5945,67522.6266,67223.3039,0.0,88.13740817275354,0.0,1.7231,68884.8963,68196.0935,67854.1069,0,1,0,1,1,0.4,0.4,0.6638,53.269999999999996,0.708,0.6638,prata,ranging,ranging,0.0,"{""5m"": ""uptrend"", ""15m"": ""uptrend"", ""1h"": ""uptrend"", ""4h"": ""uptrend"", ""1d"": ""ranging""}",rejected,[CONFIANÇA] 0.71 < 0.75; [QUALIDADE] 0.66 < 0.70; [SCORE INST] 0.66 < 0.70; [REGIME] Mercado ranging — não operar,,,,,,
2026-07-06T09:48:02.261960+00:00,BTCUSDT,15m,short,67250.573,67549.8956,66651.9277,66352.605,0.0,59.33987391643559,0.0,0.8593,66586.6462,65707.5142,65525.0038,0,1,0,0,1,0.3078,0.3078,0.6205,53.52,0.6702,0.6205,prata,ranging,ranging,0.0,"{""5m"": ""uptrend"", ""15m"": ""uptrend"", ""1h"": ""uptrend"", ""4h"": ""uptrend"", ""1d"": ""ranging""}",rejected,"[SMART MONEY] Apenas 2 confirmações (mínimo 3): choch, fvg, fvg, fvg, fvg, fvg, fvg, fvg, fvg, fvg, fvg, fvg, fvg, fvg, fvg, fvg, fvg, fvg, fvg, fvg, fvg, fvg, fvg, fvg, fvg, fvg, fvg, fvg, fvg, fvg, fvg, fvg, fvg, fvg, fvg, fvg, fvg, fvg, fvg, fvg, fvg, fvg, fvg, fvg, fvg, fvg, fvg, fvg, fvg, fvg, fvg, fvg, fvg, fvg, fvg, fvg, fvg, fvg, fvg, fvg, fvg, fvg, fvg, fvg, fvg, fvg, fvg, fvg, fvg, fvg, fvg, fvg, fvg, fvg, fvg, fvg, fvg, fvg, fvg, fvg, fvg, fvg, fvg, fvg, fvg, fvg, fvg, fvg, fvg, fvg, fvg, fvg, fvg, fvg, fvg, fvg, fvg, fvg, fvg, fvg, fvg, fvg, fvg, fvg, fvg, fvg, fvg, fvg, fvg, fvg, fvg, fvg, fvg, fvg, fvg, fvg, fvg, fvg, fvg, fvg, fvg, fvg, fvg, fvg, fvg, fvg, fvg, fvg, fvg, fvg, fvg, fvg, fvg, fvg, fvg, fvg, fvg, fvg, fvg, fvg, fvg, fvg, fvg, fvg, fvg, fvg, fvg, fvg, fvg, fvg, fvg, fvg, fvg, fvg; [CONFIANÇA] 0.67 < 0.75; [QUALIDADE] 0.62 < 0.70; [SCORE INST] 0.62 < 0.70; [REGIME] Mercado ranging — não operar",,,,,,
2026-07-06T09:48:02.312914+00:00,ETHUSDT,5m,short,3553.944,3573.5761,3504.8637,3480.3236,0.0,100.0,0.0,1.3516,3509.6303,3447.6561,3444.3283,1,1,0,1,1,0.4,0.4,0.8277,65.68,0.9152,0.8277,ouro,trending_up,trending_up,0.0,"{""5m"": ""uptrend"", ""15m"": ""reversal"", ""1h"": ""ranging"", ""4h"": ""uptrend"", ""1d"": ""downtrend""}",approved,,✓ ScoreInst=1 ScoreEstrut=66; ✓ Conf=92% Qual=1; ✓ RR TP1=2.50 TP2=3.75; ✓ Smart Money: 4/4+ confirmações; ✓ Regime=trending_up MTF alinhado; ✓ RVOL=1.4x Volume=True,,,,,
2026-07-06T09:48:02.315556+00:00,ETHUSDT,4h,long,3580.5148,3560.8827,3629.5951,3654.1352,0.0,100.0,0.0,0.808,3655.5218,3625.09,3614.4234,0,1,1,0,1,0.4,0.4,0.8033,70.48,0.878,0.8033,ouro,trending_up,trending_up,0.0,"{""5m"": ""uptrend"", ""15m"": ""reversal"", ""1h"": ""ranging"", ""4h"": ""uptrend"", ""1d"": ""downtrend""}",approved,,✓ ScoreInst=1 ScoreEstrut=70; ✓ Conf=88% Qual=1; ✓ RR TP1=2.50 TP2=3.75; ✓ Smart Money: 3/4+ confirmações; ✓ Regime=trending_up MTF alinhado; ✓ RVOL=0.8x Volume=True,,,,,
2026-07-06T09:48:02.319501+00:00,ETHUSDT,1d,short,3577.4467,3597.0788,3528.3664,3503.8263,0.0,35.50915680551885,0.0,0.634,3603.8733,3617.1566,3600.2029,0,1,1,1,1,0.4,0.4,0.8009,64.81,0.916,0.8009,ouro,trending_up,trending_up,0.0,"{""5m"": ""uptrend"", ""15m"": ""reversal"", ""1h"": ""ranging"", ""4h"": ""uptrend"", ""1d"": ""downtrend""}",approved,,✓ ScoreInst=1 ScoreEstrut=65; ✓ Conf=92% Qual=1; ✓ RR TP1=2.50 TP2=3.75; ✓ Smart Money: 4/4+ confirmações; ✓ Regime=trending_up MTF alinhado; ✓ RVOL=0.6x Volume=True,,,,,
2026-07-06T09:48:02.322485+00:00,ETHUSDT,15m,short,3581.5913,3601.2234,3542.3271,3522.695,0.0,92.11489063069254,0.0,1.2425,3525.7337,3487.6243,3477.1563,0,0,1,0,1,0.5,0.5,0.6577,74.31,0.6105,0.6577,prata,trending_up,trending_up,0.0,"{""5m"": ""uptrend"", ""15m"": ""reversal"", ""1h"": ""ranging"", ""4h"": ""uptrend"", ""1d"": ""downtrend""}",rejected,"[SMART MONEY] Apenas 2 confirmações (mínimo 3): fvg, fvg, fvg, fvg, fvg, fvg, fvg, fvg, fvg, fvg, fvg, fvg, fvg, fvg, fvg, fvg, fvg, fvg, fvg, fvg, fvg, fvg, fvg, fvg, fvg, fvg, fvg, fvg, fvg, fvg, fvg, fvg, fvg, fvg, fvg, fvg, fvg, fvg, fvg, fvg, fvg, fvg, fvg, fvg, fvg, fvg, fvg, fvg, fvg, fvg, fvg, fvg, fvg, fvg, fvg, fvg, fvg, fvg, fvg, fvg, fvg, fvg, fvg, fvg, fvg, fvg, fvg, fvg, fvg, fvg, fvg, fvg, fvg, fvg, fvg, fvg, fvg, fvg, fvg, fvg, fvg, fvg, fvg, fvg, fvg, fvg, fvg, fvg, fvg, fvg, fvg, fvg, fvg, fvg, fvg, fvg, fvg, fvg, fvg, fvg, fvg, fvg, fvg, fvg, fvg, fvg, fvg, fvg, fvg, fvg, fvg, fvg, fvg, fvg, fvg, fvg, fvg, fvg, fvg, fvg, fvg, fvg, fvg, fvg, fvg, fvg, fvg, fvg, fvg, fvg, fvg, fvg, fvg, fvg, fvg, fvg, fvg, fvg, fvg, fvg, fvg, fvg, fvg, fvg, fvg, fvg, fvg, fvg, fvg, fvg, fvg, fvg, liquidity_sweep, liquidity_sweep; [CONFIANÇA] 0.61 < 0.75; [QUALIDADE] 0.66 < 0.70; [SCORE INST] 0.66 < 0.70",,,,,,
2026-07-06T09:48:02.324857+00:00,ETHUSDT,1h,short,3583.2424,3602.8746,3543.9782,3524.3461,0.0,90.1808323863478,0.0,0.8246,3508.954,3489.5515,3483.0165,0,0,0,1,1,0.4,0.4,0.6036,48.67,0.5803,0.6036,prata,trending_up,trending_up,0.0,"{""5m"": ""uptrend"", ""15m"": ""reversal"", ""1h"": ""ranging"", ""4h"": ""uptrend"", ""1d"": ""downtrend""}",rejected,"[SMART MONEY] Apenas 2 confirmações (mínimo 3): order_block, order_block, order_block, fvg, fvg, fvg, fvg, fvg, fvg, fvg, fvg, fvg, fvg, fvg, fvg, fvg, fvg, fvg, fvg, fvg, fvg, fvg, fvg, fvg, fvg, fvg, fvg, fvg, fvg, fvg, fvg, fvg, fvg, fvg, fvg, fvg, fvg, fvg, fvg, fvg, fvg, fvg, fvg, fvg, fvg, fvg, fvg, fvg, fvg, fvg, fvg, fvg, fvg, fvg, fvg, fvg, fvg, fvg, fvg, fvg, fvg, fvg, fvg, fvg, fvg, fvg, fvg, fvg, fvg, fvg, fvg, fvg, fvg, fvg, fvg, fvg, fvg, fvg, fvg, fvg, fvg, fvg, fvg, fvg, fvg, fvg, fvg, fvg, fvg, fvg, fvg, fvg, fvg, fvg, fvg, fvg, fvg, fvg, fvg, fvg, fvg, fvg, fvg, fvg, fvg, fvg, fvg, fvg, fvg, fvg, fvg, fvg, fvg, fvg, fvg, fvg, fvg, fvg, fvg, fvg, fvg, fvg, fvg, fvg, fvg, fvg, fvg, fvg, fvg, fvg, fvg, fvg, fvg, fvg, fvg, fvg, fvg, fvg, fvg, fvg, fvg, fvg, fvg, fvg, fvg, fvg, fvg, fvg, fvg, fvg, fvg, fvg; [RR] TP1 2.00 < mínimo 2.0:1; [CONFIANÇA] 0.58 < 0.75; [QUALIDADE] 0.60 < 0.70; [SCORE INST] 0.60 < 0.70; [SCORE ESTRUT] 48.7 < 50",,,,,,
2026-07-06T09:48:02.371245+00:00,SOLUSDT,1d,short,149.3047,150.0552,147.8037,147.0532,0.0,86.34591323264004,0.0,1.4808,150.758,149.0483,148.7207,0,1,0,1,1,0.4,0.4,0.6522,52.76,0.7079,0.6522,prata,ranging,ranging,0.0,"{""5m"": ""uptrend"", ""15m"": ""reversal"", ""1h"": ""reversal"", ""4h"": ""downtrend"", ""1d"": ""uptrend""}",rejected,[CONFIANÇA] 0.71 < 0.75; [QUALIDADE] 0.65 < 0.70; [SCORE INST] 0.65 < 0.70; [REGIME] Mercado ranging — não operar,,,,,,
2026-07-06T09:48:02.373519+00:00,SOLUSDT,4h,long,144.4991,143.7486,146.0001,146.7506,0.0,100.0,0.0,0.2454,147.2373,148.5883,148.505,0,1,0,1,1,0.4,0.4,0.6422,59.77,0.7079,0.6422,prata,ranging,ranging,0.0,"{""5m"": ""uptrend"", ""15m"": ""reversal"", ""1h"": ""reversal"", ""4h"": ""downtrend"", ""1d"": ""uptrend""}",rejected,[CONFIANÇA] 0.71 < 0.75; [QUALIDADE] 0.64 < 0.70; [SCORE INST] 0.64 < 0.70; [REGIME] Mercado ranging — não operar; [RVOL] 0.2x < mínimo 0.5x,,,,,,
2026-07-06T09:48:02.375574+00:00,SOLUSDT,5m,short,148.6118,149.3623,147.1108,146.3603,0.0,100.0,0.0,0.5625,149.9869,148.8132,148.2164,0,1,0,1,1,0.4,0.4,0.6388,52.15,0.7079,0.6388,prata,ranging,ranging,0.0,"{""5m"": ""uptrend"", ""15m"": ""reversal"", ""1h"": ""reversal"", ""4h"": ""downtrend"", ""1d"": ""uptrend""}",rejected,[CONFIANÇA] 0.71 < 0.75; [QUALIDADE] 0.64 < 0.70; [SCORE INST] 0.64 < 0.70; [REGIME] Mercado ranging — não operar,,,,,,
2026-07-06T09:48:02.377569+00:00,SOLUSDT,1h,long,147.1027,146.3522,148.6037,149.3542,0.0,69.63545104558621,0.0,0.5262,146.841,146.4573,146.5031,0,0,1,1,1,0.5,0.5,0.5608,65.57,0.558,0.5608,bronze,ranging,ranging,0.0,"{""5m"": ""uptrend"", ""15m"": ""reversal"", ""1h"": ""reversal"", ""4h"": ""downtrend"", ""1d"": ""uptrend""}",rejected,[CONFIANÇA] 0.56 < 0.75; [QUALIDADE] 0.56 < 0.70; [SCORE INST] 0.56 < 0.70; [REGIME] Mercado ranging — não operar,,,,,,
2026-07-06T09:48:02.379640+00:00,SOLUSDT,15m,long,140.9268,140.1763,142.0526,142.6155,0.0,89.86624603383179,0.0,0.9843,143.2076,144.3581,144.7648,0,0,0,0,1,0.5,0.5,0.4621,50.32,0.4025,0.4621,bronze,ranging,ranging,0.0,"{""5m"": ""uptrend"", ""15m"": ""reversal"", ""1h"": ""reversal"", ""4h"": ""downtrend"", ""1d"": ""uptrend""}",rejected,"[SMART MONEY] Apenas 1 confirmações (mínimo 3): fvg, fvg, fvg, fvg, fvg, fvg, fvg, fvg, fvg, fvg, fvg, fvg, fvg, fvg, fvg, fvg, fvg, fvg, fvg, fvg, fvg, fvg, fvg, fvg, fvg, fvg, fvg, fvg, fvg, fvg, fvg, fvg, fvg, fvg, fvg, fvg, fvg, fvg, fvg, fvg, fvg, fvg, fvg, fvg, fvg, fvg, fvg, fvg, fvg, fvg, fvg, fvg, fvg, fvg, fvg, fvg, fvg, fvg, fvg, fvg, fvg, fvg, fvg, fvg, fvg, fvg, fvg, fvg, fvg, fvg, fvg, fvg, fvg, fvg, fvg, fvg, fvg, fvg, fvg, fvg, fvg, fvg, fvg, fvg, fvg, fvg, fvg, fvg, fvg, fvg, fvg, fvg, fvg, fvg, fvg, fvg, fvg, fvg, fvg, fvg, fvg, fvg, fvg, fvg, fvg, fvg, fvg, fvg, fvg, fvg, fvg, fvg, fvg, fvg, fvg, fvg, fvg, fvg, fvg, fvg, fvg, fvg, fvg, fvg, fvg, fvg, fvg, fvg, fvg, fvg, fvg, fvg, fvg, fvg, fvg, fvg, fvg, fvg, fvg, fvg, fvg, fvg, fvg, fvg, fvg, fvg, fvg, fvg, fvg, fvg, fvg, fvg, fvg, fvg, fvg, fvg, fvg, fvg, fvg, fvg, fvg; [RR] TP1 1.50 < mínimo 2.0:1; [CONFIANÇA] 0.40 < 0.75; [QUALIDADE] 0.46 < 0.70; [SCORE INST] 0.46 < 0.70; [REGIME] Mercado ranging — não operar",,,,,,
2026-07-06T09:48:07.064216+00:00,ETHUSDT,5m,short,3553.944,3573.5761,3504.8637,3480.3236,0.0,100.0,0.0,1.3516,3509.6303,3447.6561,3444.3283,1,1,0,1,1,0.4,0.4,0.8277,65.68,0.9152,0.8277,ouro,trending_up,trending_up,0.0,"{""5m"": ""uptrend"", ""15m"": ""reversal"", ""1h"": ""ranging"", ""4h"": ""uptrend"", ""1d"": ""downtrend""}",approved,,✓ ScoreInst=1 ScoreEstrut=66; ✓ Conf=92% Qual=1; ✓ RR TP1=2.50 TP2=3.75; ✓ Smart Money: 4/4+ confirmações; ✓ Regime=trending_up MTF alinhado; ✓ RVOL=1.4x Volume=True,,,,,
2026-07-06T09:48:07.066843+00:00,ETHUSDT,4h,long,3580.5148,3560.8827,3629.5951,3654.1352,0.0,100.0,0.0,0.808,3655.5218,3625.09,3614.4234,0,1,1,0,1,0.4,0.4,0.8033,70.48,0.878,0.8033,ouro,trending_up,trending_up,0.0,"{""5m"": ""uptrend"", ""15m"": ""reversal"", ""1h"": ""ranging"", ""4h"": ""uptrend"", ""1d"": ""downtrend""}",approved,,✓ ScoreInst=1 ScoreEstrut=70; ✓ Conf=88% Qual=1; ✓ RR TP1=2.50 TP2=3.75; ✓ Smart Money: 3/4+ confirmações; ✓ Regime=trending_up MTF alinhado; ✓ RVOL=0.8x Volume=True,,,,,
2026-07-06T09:49:02.682562+00:00,BTCUSDT,5m,short,67311.951,67504.7525,66829.947,66588.9451,0.0,100.0,0.0,1.6892,65932.3694,65098.695,64949.8334,1,1,0,1,1,0.2791,0.2791,0.7413,64.35,0.8252,0.7413,prata,ranging,ranging,0.0,"{""5m"": ""uptrend"", ""15m"": ""ranging"", ""1h"": ""uptrend"", ""4h"": ""reversal"", ""1d"": ""downtrend""}",approved,,✓ ScoreInst=1 ScoreEstrut=64; ✓ Conf=83% Qual=1; ✓ RR TP1=2.50 TP2=3.75; ✓ Smart Money: 4/4+ confirmações; ✓ Regime=ranging MTF alinhado; ✓ RVOL=1.7x Volume=True,,,,,
2026-07-06T09:49:02.688947+00:00,BTCUSDT,1d,short,67980.8618,68173.6634,67498.8579,67257.856,0.0,100.0,0.0,1.0714,66801.7823,66073.3706,65711.6308,0,1,1,1,1,0.4,0.4,0.7391,71.45,0.8258,0.7391,prata,ranging,ranging,0.0,"{""5m"": ""uptrend"", ""15m"": ""ranging"", ""1h"": ""uptrend"", ""4h"": ""reversal"", ""1d"": ""downtrend""}",approved,,✓ ScoreInst=1 ScoreEstrut=71; ✓ Conf=83% Qual=1; ✓ RR TP1=2.50 TP2=3.75; ✓ Smart Money: 4/4+ confirmações; ✓ Regime=ranging MTF alinhado; ✓ RVOL=1.1x Volume=True,,,,,
2026-07-06T09:49:02.692406+00:00,BTCUSDT,1h,short,68361.8418,68554.6434,67976.2387,67783.4371,0.0,29.06908100912233,0.0,1.4293,68281.2991,67482.972,67138.9647,0,1,0,1,1,0.3174,0.3174,0.6387,50.79,0.7081,0.6387,prata,ranging,ranging,0.0,"{""5m"": ""uptrend"", ""15m"": ""ranging"", ""1h"": ""uptrend"", ""4h"": ""reversal"", ""1d"": ""downtrend""}",rejected,[RR] TP1 2.00 < mínimo 2.0:1; [CONFIANÇA] 0.71 < 0.75; [QUALIDADE] 0.64 < 0.70; [SCORE INST] 0.64 < 0.70; [REGIME] Mercado ranging — não operar,,,,,,
2026-07-06T09:49:02.695938+00:00,BTCUSDT,4h,short,66918.1008,67110.9024,66628.8985,66484.2973,0.0,100.0,0.0,0.8181,67630.8399,67321.0972,67090.9721,0,0,0,1,1,0.5,0.5,0.4781,44.1,0.4402,0.4781,bronze,ranging,ranging,0.0,"{""5m"": ""uptrend"", ""15m"": ""ranging"", ""1h"": ""uptrend"", ""4h"": ""reversal"", ""1d"": ""downtrend""}",rejected,"[SMART MONEY] Apenas 2 confirmações (mínimo 3): order_block, order_block, fvg, fvg, fvg, fvg, fvg, fvg, fvg, fvg, fvg, fvg, fvg, fvg, fvg, fvg, fvg, fvg, fvg, fvg, fvg, fvg, fvg, fvg, fvg, fvg, fvg, fvg, fvg, fvg, fvg, fvg, fvg, fvg, fvg, fvg, fvg, fvg, fvg, fvg, fvg, fvg, fvg, fvg, fvg, fvg, fvg, fvg, fvg, fvg, fvg, fvg, fvg, fvg, fvg, fvg, fvg, fvg, fvg, fvg, fvg, fvg, fvg, fvg, fvg, fvg, fvg, fvg, fvg, fvg, fvg, fvg, fvg, fvg, fvg, fvg, fvg, fvg, fvg, fvg, fvg, fvg, fvg, fvg, fvg, fvg, fvg, fvg, fvg, fvg, fvg, fvg, fvg, fvg, fvg, fvg, fvg, fvg, fvg, fvg, fvg, fvg, fvg, fvg, fvg, fvg, fvg, fvg, fvg, fvg, fvg, fvg, fvg, fvg, fvg, fvg, fvg, fvg, fvg, fvg, fvg, fvg, fvg, fvg, fvg, fvg, fvg, fvg, fvg, fvg, fvg, fvg, fvg, fvg, fvg, fvg, fvg, fvg, fvg, fvg, fvg, fvg, fvg, fvg, fvg, fvg, fvg, fvg, fvg, fvg; [RR] TP1 1.50 < mínimo 2.0:1; [CONFIANÇA] 0.44 < 0.75; [QUALIDADE] 0.48 < 0.70; [SCORE INST] 0.48 < 0.70; [SCORE ESTRUT] 44.1 < 50; [REGIME] Mercado ranging — não operar",,,,,,
2026-07-06T09:49:02.779640+00:00,ETHUSDT,1h,long,3495.6304,3478.6352,3538.1183,3559.3623,0.0,43.51844124256205,0.0,1.2339,3456.6523,3444.054,3445.3019,0,1,1,1,1,0.4,0.4,0.7315,69.08999999999999,0.826,0.7315,prata,ranging,ranging,0.0,"{""5m"": ""uptrend"", ""15m"": ""downtrend"", ""1h"": ""uptrend"", ""4h"": ""uptrend"", ""1d"": ""uptrend""}",approved,,✓ ScoreInst=1 ScoreEstrut=69; ✓ Conf=83% Qual=1; ✓ RR TP1=2.50 TP2=3.75; ✓ Smart Money: 4/4+ confirmações; ✓ Regime=ranging MTF alinhado; ✓ RVOL=1.2x Volume=True,,,,,
2026-07-06T09:49:02.782403+00:00,ETHUSDT,5m,short,3573.3576,3590.3528,3530.8697,3509.6257,0.0,22.944659814425624,0.0,0.8389,3522.3738,3492.223,3486.4447,1,1,0,1,1,0.4,0.4,0.7135,66.33,0.8256,0.7135,prata,ranging,ranging,0.0,"{""5m"": ""uptrend"", ""15m"": ""downtrend"", ""1h"": ""uptrend"", ""4h"": ""uptrend"", ""1d"": ""uptrend""}",approved,,✓ ScoreInst=1 ScoreEstrut=66; ✓ Conf=83% Qual=1; ✓ RR TP1=2.50 TP2=3.75; ✓ Smart Money: 4/4+ confirmações; ✓ Regime=ranging MTF alinhado; ✓ RVOL=0.8x Volume=True,,,,,
2026-07-06T09:49:02.785179+00:00,ETHUSDT,1d,short,3608.7806,3625.7758,3566.2926,3545.0487,0.0,46.75923996969663,0.0,0.7123,3653.9428,3614.8268,3602.7732,0,1,1,1,1,0.3456,0.3456,0.7127,63.029999999999994,0.8258,0.7127,prata,ranging,ranging,0.0,"{""5m"": ""uptrend"", ""15m"": ""downtrend"", ""1h"": ""uptrend"", ""4h"": ""uptrend"", ""1d"": ""uptrend""}",approved,,✓ ScoreInst=1 ScoreEstrut=63; ✓ Conf=83% Qual=1; ✓ RR TP1=2.50 TP2=3.75; ✓ Smart Money: 4/4+ confirmações; ✓ Regime=ranging MTF alinhado; ✓ RVOL=0.7x Volume=True,,,,,
2026-07-06T09:49:02.787882+00:00,ETHUSDT,4h,short,3575.5212,3592.5164,3541.5308,3524.5356,0.0,17.581814163256766,0.0,1.8545,3608.0905,3574.3082,3566.4837,0,1,0,1,1,0.4,0.4,0.6471,52.059999999999995,0.7078,0.6471,prata,ranging,ranging,0.0,"{""5m"": ""uptrend"", ""15m"": ""downtrend"", ""1h"": ""uptrend"", ""4h"": ""uptrend"", ""1d"": ""uptrend""}",rejected,[CONFIANÇA] 0.71 < 0.75; [QUALIDADE] 0.65 < 0.70; [SCORE INST] 0.65 < 0.70; [REGIME] Mercado ranging — não operar; [ADX] 17.6 < 20 — tendência fraca,,,,,,
2026-07-06T09:49:02.796829+00:00,ETHUSDT,15m,short,3593.4026,3610.3978,3559.4123,3542.4171,0.0,80.92513198864917,0.0,0.609,3638.7849,3618.5534,3606.7302,0,1,0,1,1,0.4,0.4,0.6435,53.68000000000001,0.7081,0.6435,prata,ranging,ranging,0.0,"{""5m"": ""uptrend"", ""15m"": ""downtrend"", ""1h"": ""uptrend"", ""4h"": ""uptrend"", ""1d"": ""uptrend""}",rejected,[RR] TP1 2.00 < mínimo 2.0:1; [CONFIANÇA] 0.71 < 0.75; [QUALIDADE] 0.64 < 0.70; [SCORE INST] 0.64 < 0.70; [REGIME] Mercado ranging — não operar,,,,,,
2026-07-06T09:49:02.863456+00:00,SOLUSDT,1h,short,152.9008,153.6404,151.0518,150.1273,0.0,67.15713060047072,0.0,1.4893,152.8227,150.4533,149.8544,0,1,1,1,1,0.4128,0.4128,0.7371,65.9,0.8258,0.7371,prata,ranging,ranging,0.0,"{""5m"": ""reversal"", ""15m"": ""downtrend"", ""1h"": ""uptrend"", ""4h"": ""ranging"", ""1d"": ""uptrend""}",approved,,✓ ScoreInst=1 ScoreEstrut=66; ✓ Conf=83% Qual=1; ✓ RR TP1=2.50 TP2=3.75; ✓ Smart Money: 4/4+ confirmações; ✓ Regime=ranging MTF alinhado; ✓ RVOL=1.5x Volume=True,,,,,
2026-07-06T09:49:02.870989+00:00,SOLUSDT,1d,short,151.3503,152.0899,149.5013,148.5767,0.0,100.0,0.0,0.6676,147.1127,144.7632,144.4575,1,1,0,1,1,0.308,0.308,0.7271,66.79,0.8252,0.7271,prata,ranging,ranging,0.0,"{""5m"": ""reversal"", ""15m"": ""downtrend"", ""1h"": ""uptrend"", ""4h"": ""ranging"", ""1d"": ""uptrend""}",approved,,✓ ScoreInst=1 ScoreEstrut=67; ✓ Conf=83% Qual=1; ✓ RR TP1=2.50 TP2=3.75; ✓ Smart Money: 4/4+ confirmações; ✓ Regime=ranging MTF alinhado; ✓ RVOL=0.7x Volume=True,,,,,
2026-07-06T09:49:02.873434+00:00,SOLUSDT,15m,short,148.9915,149.7311,147.5123,146.7727,0.0,40.4296826826374,0.0,1.296,148.8786,147.8877,147.2673,0,1,0,0,1,0.4,0.4,0.6212,52.370000000000005,0.6702,0.6212,prata,ranging,ranging,0.0,"{""5m"": ""reversal"", ""15m"": ""downtrend"", ""1h"": ""uptrend"", ""4h"": ""ranging"", ""1d"": ""uptrend""}",rejected,"[SMART MONEY] Apenas 2 confirmações (mínimo 3): choch, fvg, fvg, fvg, fvg, fvg, fvg, fvg, fvg, fvg, fvg, fvg, fvg, fvg, fvg, fvg, fvg, fvg, fvg, fvg, fvg, fvg, fvg, fvg, fvg, fvg, fvg, fvg, fvg, fvg, fvg, fvg, fvg, fvg, fvg, fvg, fvg, fvg, fvg, fvg, fvg, fvg, fvg, fvg, fvg, fvg, fvg, fvg, fvg, fvg, fvg, fvg, fvg, fvg, fvg, fvg, fvg, fvg, fvg, fvg, fvg, fvg, fvg, fvg, fvg, fvg, fvg, fvg, fvg, fvg, fvg, fvg, fvg, fvg, fvg, fvg, fvg, fvg, fvg, fvg, fvg, fvg, fvg, fvg, fvg, fvg, fvg, fvg, fvg, fvg, fvg, fvg, fvg, fvg, fvg, fvg, fvg, fvg, fvg, fvg, fvg, fvg, fvg, fvg, fvg, fvg, fvg, fvg, fvg, fvg, fvg, fvg, fvg, fvg, fvg, fvg, fvg, fvg, fvg, fvg, fvg, fvg, fvg, fvg, fvg, fvg, fvg, fvg, fvg, fvg, fvg, fvg, fvg, fvg, fvg, fvg, fvg, fvg, fvg, fvg, fvg, fvg, fvg, fvg, fvg, fvg, fvg, fvg; [CONFIANÇA] 0.67 < 0.75; [QUALIDADE] 0.62 < 0.70; [SCORE INST] 0.62 < 0.70; [REGIME] Mercado ranging — não operar",,,,,,
2026-07-06T09:49:02.876062+00:00,SOLUSDT,5m,long,145.3311,144.5915,146.4405,146.9953,0.0,64.58509643836456,0.0,0.4073,146.2698,147.6189,147.6568,0,0,0,0,1,0.5,0.5,0.4454,47.0,0.4025,0.4454,reprovado,ranging,ranging,0.0,"{""5m"": ""reversal"", ""15m"": ""downtrend"", ""1h"": ""uptrend"", ""4h"": ""ranging"", ""1d"": ""uptrend""}",rejected,"[SMART MONEY] Apenas 1 confirmações (mínimo 3): fvg, fvg, fvg, fvg, fvg, fvg, fvg, fvg, fvg, fvg, fvg, fvg, fvg, fvg, fvg, fvg, fvg, fvg, fvg, fvg, fvg, fvg, fvg, fvg, fvg, fvg, fvg, fvg, fvg, fvg, fvg, fvg, fvg, fvg, fvg, fvg, fvg, fvg, fvg, fvg, fvg, fvg, fvg, fvg, fvg, fvg, fvg, fvg, fvg, fvg, fvg, fvg, fvg, fvg, fvg, fvg, fvg, fvg, fvg, fvg, fvg, fvg, fvg, fvg, fvg, fvg, fvg, fvg, fvg, fvg, fvg, fvg, fvg, fvg, fvg, fvg, fvg, fvg, fvg, fvg, fvg, fvg, fvg, fvg, fvg, fvg, fvg, fvg, fvg, fvg, fvg, fvg, fvg, fvg, fvg, fvg, fvg, fvg, fvg, fvg, fvg, fvg, fvg, fvg, fvg, fvg, fvg, fvg, fvg, fvg, fvg, fvg, fvg, fvg, fvg, fvg, fvg, fvg, fvg, fvg, fvg, fvg, fvg, fvg, fvg, fvg, fvg, fvg, fvg, fvg, fvg, fvg, fvg, fvg, fvg, fvg, fvg, fvg, fvg, fvg, fvg, fvg, fvg, fvg, fvg, fvg, fvg, fvg, fvg, fvg; [RR] TP1 1.50 < mínimo 2.0:1; [CONFIANÇA] 0.40 < 0.75; [QUALIDADE] 0.45 < 0.70; [SCORE INST] 0.45 < 0.70; [SCORE ESTRUT] 47.0 < 50; [CLASSIFICAÇÃO] reprovado < exigido bronze; [REGIME] Mercado ranging — não operar; [RVOL] 0.4x < mínimo 0.5x",,,,,,
2026-07-06T09:49:07.239375+00:00,BTCUSDT,5m,short,67311.951,67504.7525,66829.947,66588.9451,0.0,100.0,0.0,1.6892,65932.3694,65098.695,64949.8334,1,1,0,1,1,0.2791,0.2791,0.7413,64.35,0.8252,0.7413,prata,ranging,ranging,0.0,"{""5m"": ""uptrend"", ""15m"": ""ranging"", ""1h"": ""uptrend"", ""4h"": ""reversal"", ""1d"": ""downtrend""}",approved,,✓ ScoreInst=1 ScoreEstrut=64; ✓ Conf=83% Qual=1; ✓ RR TP1=2.50 TP2=3.75; ✓ Smart Money: 4/4+ confirmações; ✓ Regime=ranging MTF alinhado; ✓ RVOL=1.7x Volume=True,,,,,
2026-07-06T09:49:07.241755+00:00,BTCUSDT,1d,short,67980.8618,68173.6634,67498.8579,67257.856,0.0,100.0,0.0,1.0714,66801.7823,66073.3706,65711.6308,0,1,1,1,1,0.4,0.4,0.7391,71.45,0.8258,0.7391,prata,ranging,ranging,0.0,"{""5m"": ""uptrend"", ""15m"": ""ranging"", ""1h"": ""uptrend"", ""4h"": ""reversal"", ""1d"": ""downtrend""}",approved,,✓ ScoreInst=1 ScoreEstrut=71; ✓ Conf=83% Qual=1; ✓ RR TP1=2.50 TP2=3.75; ✓ Smart Money: 4/4+ confirmações; ✓ Regime=ranging MTF alinhado; ✓ RVOL=1.1x Volume=True,,,,,
2026-07-06T09:50:03.055394+00:00,BTCUSDT,4h,short,65680.1422,66079.1307,64682.671,64183.9354,0.0,100.0,0.0,1.5756,64196.3982,63614.6996,63686.1731,1,1,0,0,1,0.4,0.4,0.8193,69.34,0.8776,0.8193,ouro,trending_down,trending_down,0.0,"{""5m"": ""ranging"", ""15m"": ""uptrend"", ""1h"": ""downtrend"", ""4h"": ""uptrend"", ""1d"": ""uptrend""}",approved,,✓ ScoreInst=1 ScoreEstrut=69; ✓ Conf=88% Qual=1; ✓ RR TP1=2.50 TP2=3.75; ✓ Smart Money: 3/4+ confirmações; ✓ Regime=trending_down MTF alinhado; ✓ RVOL=1.6x Volume=True,,,,,
2026-07-06T09:50:03.058546+00:00,BTCUSDT,1h,short,66386.122,66785.1105,65388.6508,64889.9152,0.0,100.0,0.0,1.0428,67066.8315,67317.7816,67133.0221,0,1,0,1,1,0.4,0.4,0.7468,55.46,0.7979,0.7468,prata,trending_down,trending_down,0.0,"{""5m"": ""ranging"", ""15m"": ""uptrend"", ""1h"": ""downtrend"", ""4h"": ""uptrend"", ""1d"": ""uptrend""}",approved,,✓ ScoreInst=1 ScoreEstrut=55; ✓ Conf=80% Qual=1; ✓ RR TP1=2.50 TP2=3.75; ✓ Smart Money: 3/4+ confirmações; ✓ Regime=trending_down MTF alinhado; ✓ RVOL=1.0x Volume=True,,,,,
2026-07-06T09:50:03.061250+00:00,BTCUSDT,15m,short,66974.6351,67373.6236,65977.1639,65478.4283,0.0,100.0,0.0,1.0017,67638.1771,67262.3087,67091.7659,0,1,0,1,1,0.4,0.4,0.742,52.05,0.7979,0.742,prata,trending_down,trending_down,0.0,"{""5m"": ""ranging"", ""15m"": ""uptrend"", ""1h"": ""downtrend"", ""4h"": ""uptrend"", ""1d"": ""uptrend""}",approved,,✓ ScoreInst=1 ScoreEstrut=52; ✓ Conf=80% Qual=1; ✓ RR TP1=2.50 TP2=3.75; ✓ Smart Money: 3/4+ confirmações; ✓ Regime=trending_down MTF alinhado; ✓ RVOL=1.0x Volume=True,,,,,
2026-07-06T09:50:03.063705+00:00,BTCUSDT,1d,short,68694.2046,69093.1931,67696.7334,67197.9978,0.0,97.62362235527901,0.0,0.4107,69239.1354,68351.3732,68103.39,0,1,0,1,1,0.4,0.4,0.7335,53.800000000000004,0.7979,0.7335,prata,trending_down,trending_down,0.0,"{""5m"": ""ranging"", ""15m"": ""uptrend"", ""1h"": ""downtrend"", ""4h"": ""uptrend"", ""1d"": ""uptrend""}",rejected,[RVOL] 0.4x < mínimo 0.5x,,,,,,
2026-07-06T09:50:03.122912+00:00,ETHUSDT,1h,short,3596.3,3614.0306,3551.9734,3529.8101,0.0,100.0,0.0,1.5145,3637.3525,3610.6395,3601.7326,0,1,0,0,1,0.4,0.4,0.7324,52.480000000000004,0.7602,0.7324,prata,trending_down,trending_down,0.0,"{""5m"": ""ranging"", ""15m"": ""uptrend"", ""1h"": ""uptrend"", ""4h"": ""reversal"", ""1d"": ""ranging""}",rejected,"[SMART MONEY] Apenas 2 confirmações (mínimo 3): choch, fvg, fvg, fvg, fvg, fvg, fvg, fvg, fvg, fvg, fvg, fvg, fvg, fvg, fvg, fvg, fvg, fvg, fvg, fvg, fvg, fvg, fvg, fvg, fvg, fvg, fvg, fvg, fvg, fvg, fvg, fvg, fvg, fvg, fvg, fvg, fvg, fvg, fvg, fvg, fvg, fvg, fvg, fvg, fvg, fvg, fvg, fvg, fvg, fvg, fvg, fvg, fvg, fvg, fvg, fvg, fvg, fvg, fvg, fvg, fvg, fvg, fvg, fvg, fvg, fvg, fvg, fvg, fvg, fvg, fvg, fvg, fvg, fvg, fvg, fvg, fvg, fvg, fvg, fvg, fvg, fvg, fvg, fvg, fvg, fvg, fvg, fvg, fvg, fvg, fvg, fvg, fvg, fvg, fvg, fvg, fvg, fvg, fvg, fvg, fvg, fvg, fvg, fvg, fvg, fvg, fvg, fvg, fvg, fvg, fvg, fvg, fvg, fvg, fvg, fvg, fvg, fvg, fvg, fvg, fvg, fvg, fvg, fvg, fvg, fvg, fvg, fvg, fvg, fvg, fvg, fvg, fvg, fvg, fvg, fvg, fvg, fvg, fvg, fvg, fvg, fvg, fvg, fvg, fvg, fvg, fvg, fvg, fvg, fvg",,,,,,
2026-07-06T09:50:03.125682+00:00,ETHUSDT,15m,short,3559.9136,3577.6443,3515.587,3493.4237,0.0,43.93428899153068,0.0,0.721,3541.8714,3531.6992,3528.4548,0,1,0,1,1,0.4,0.4,0.73,52.910000000000004,0.7979,0.73,prata,trending_down,trending_down,0.0,"{""5m"": ""ranging"", ""15m"": ""uptrend"", ""1h"": ""uptrend"", ""4h"": ""reversal"", ""1d"": ""ranging""}",approved,,✓ ScoreInst=1 ScoreEstrut=53; ✓ Conf=80% Qual=1; ✓ RR TP1=2.50 TP2=3.75; ✓ Smart Money: 3/4+ confirmações; ✓ Regime=trending_down MTF alinhado; ✓ RVOL=0.7x Volume=True,,,,,
2026-07-06T09:50:03.128302+00:00,ETHUSDT,4h,long,3516.2648,3498.5342,3551.7261,3569.4568,0.0,31.691662877255766,0.0,1.0723,3482.11,3481.896,3479.8321,0,0,1,1,1,0.5,0.5,0.666,70.62,0.6482,0.666,prata,trending_down,trending_down,0.0,"{""5m"": ""ranging"", ""15m"": ""uptrend"", ""1h"": ""uptrend"", ""4h"": ""reversal"", ""1d"": ""ranging""}",rejected,[CONFIANÇA] 0.65 < 0.75; [QUALIDADE] 0.67 < 0.70; [SCORE INST] 0.67 < 0.70,,,,,,
2026-07-06T09:50:03.130864+00:00,ETHUSDT,1d,short,3574.7803,3592.5109,3539.319,3521.5884,0.0,28.74769888264779,0.0,1.1567,3585.1742,3586.4716,3575.6429,0,0,0,1,1,0.4,0.4,0.5877,37.11,0.5804,0.5877,bronze,trending_down,trending_down,0.0,"{""5m"": ""ranging"", ""15m"": ""uptrend"", ""1h"": ""uptrend"", ""4h"": ""reversal"", ""1d"": ""ranging""}",rejected,"[SMART MONEY] Apenas 2 confirmações (mínimo 3): order_block, order_block, order_block, fvg, fvg, fvg, fvg, fvg, fvg, fvg, fvg, fvg, fvg, fvg, fvg, fvg, fvg, fvg, fvg, fvg, fvg, fvg, fvg, fvg, fvg, fvg, fvg, fvg, fvg, fvg, fvg, fvg, fvg, fvg, fvg, fvg, fvg, fvg, fvg, fvg, fvg, fvg, fvg, fvg, fvg, fvg, fvg, fvg, fvg, fvg, fvg, fvg, fvg, fvg, fvg, fvg, fvg, fvg, fvg, fvg, fvg, fvg, fvg, fvg, fvg, fvg, fvg, fvg, fvg, fvg, fvg, fvg, fvg, fvg, fvg, fvg, fvg, fvg, fvg, fvg, fvg, fvg, fvg, fvg, fvg, fvg, fvg, fvg, fvg, fvg, fvg, fvg, fvg, fvg, fvg, fvg, fvg, fvg, fvg, fvg, fvg, fvg, fvg, fvg, fvg, fvg, fvg, fvg, fvg, fvg, fvg, fvg, fvg, fvg, fvg, fvg, fvg, fvg, fvg, fvg, fvg, fvg, fvg, fvg, fvg, fvg, fvg, fvg, fvg, fvg, fvg, fvg, fvg, fvg, fvg, fvg, fvg, fvg, fvg, fvg, fvg, fvg, fvg, fvg, fvg, fvg; [CONFIANÇA] 0.58 < 0.75; [QUALIDADE] 0.59 < 0.70; [SCORE INST] 0.59 < 0.70; [SCORE ESTRUT] 37.1 < 50",,,,,,
2026-07-06T09:50:03.191418+00:00,SOLUSDT,1h,short,146.7396,147.4203,145.0378,144.1869,0.0,54.913851267569726,0.0,0.573,146.6768,145.4768,145.321,0,1,0,1,1,0.4,0.4,0.7211,51.580000000000005,0.7981,0.7211,prata,trending_up,trending_up,0.0,"{""5m"": ""uptrend"", ""15m"": ""ranging"", ""1h"": ""uptrend"", ""4h"": ""reversal"", ""1d"": ""reversal""}",approved,,✓ ScoreInst=1 ScoreEstrut=52; ✓ Conf=80% Qual=1; ✓ RR TP1=2.50 TP2=3.75; ✓ Smart Money: 3/4+ confirmações; ✓ Regime=trending_up MTF alinhado; ✓ RVOL=0.6x Volume=True,,,,,
2026-07-06T09:50:03.202712+00:00,SOLUSDT,5m,short,149.8703,150.5511,148.1685,147.3177,0.0,94.88375598569037,0.0,0.312,152.3017,151.2877,150.6379,0,1,0,1,1,0.2421,0.2421,0.7187,49.86,0.798,0.7187,prata,trending_up,trending_up,0.0,"{""5m"": ""uptrend"", ""15m"": ""ranging"", ""1h"": ""uptrend"", ""4h"": ""reversal"", ""1d"": ""reversal""}",rejected,[SCORE ESTRUT] 49.9 < 50; [RVOL] 0.3x < mínimo 0.5x,,,,,,
2026-07-06T09:50:03.207489+00:00,SOLUSDT,15m,long,143.7068,143.0261,145.0683,145.749,0.0,40.59366341575779,0.0,1.6005,142.4558,142.8383,142.6591,0,0,1,1,1,0.4,0.4,0.6783,53.66,0.698,0.6783,prata,trending_up,trending_up,0.0,"{""5m"": ""uptrend"", ""15m"": ""ranging"", ""1h"": ""uptrend"", ""4h"": ""reversal"", ""1d"": ""reversal""}",rejected,[CONFIANÇA] 0.70 < 0.75; [QUALIDADE] 0.68 < 0.70; [SCORE INST] 0.68 < 0.70,,,,,,
2026-07-06T09:50:03.209913+00:00,SOLUSDT,4h,short,150.034,150.7147,148.6726,147.9919,0.0,100.0,0.0,1.1557,148.2109,146.567,145.9006,0,0,0,1,1,0.5,0.5,0.5812,49.059999999999995,0.5301,0.5812,bronze,trending_up,trending_up,0.0,"{""5m"": ""uptrend"", ""15m"": ""ranging"", ""1h"": ""uptrend"", ""4h"": ""reversal"", ""1d"": ""reversal""}",rejected,"[SMART MONEY] Apenas 2 confirmações (mínimo 3): order_block, fvg, fvg, fvg, fvg, fvg, fvg, fvg, fvg, fvg, fvg, fvg, fvg, fvg, fvg, fvg, fvg, fvg, fvg, fvg, fvg, fvg, fvg, fvg, fvg, fvg, fvg, fvg, fvg, fvg, fvg, fvg, fvg, fvg, fvg, fvg, fvg, fvg, fvg, fvg, fvg, fvg, fvg, fvg, fvg, fvg, fvg, fvg, fvg, fvg, fvg, fvg, fvg, fvg, fvg, fvg, fvg, fvg, fvg, fvg, fvg, fvg, fvg, fvg, fvg, fvg, fvg, fvg, fvg, fvg, fvg, fvg, fvg, fvg, fvg, fvg, fvg, fvg, fvg, fvg, fvg, fvg, fvg, fvg, fvg, fvg, fvg, fvg, fvg, fvg, fvg, fvg, fvg, fvg, fvg, fvg, fvg, fvg, fvg, fvg, fvg, fvg, fvg, fvg, fvg, fvg, fvg, fvg, fvg, fvg, fvg, fvg, fvg, fvg, fvg, fvg, fvg, fvg, fvg, fvg, fvg, fvg, fvg, fvg, fvg, fvg, fvg, fvg, fvg, fvg, fvg, fvg, fvg, fvg, fvg, fvg, fvg, fvg, fvg, fvg, fvg, fvg, fvg, fvg, fvg, fvg, fvg, fvg; [CONFIANÇA] 0.53 < 0.75; [QUALIDADE] 0.58 < 0.70; [SCORE INST] 0.58 < 0.70; [SCORE ESTRUT] 49.1 < 50",,,,,,
2026-07-06T09:50:03.212296+00:00,SOLUSDT,1d,short,149.5059,150.1867,148.1445,147.4638,0.0,8.912281769296092,0.0,1.3388,149.9623,148.7835,148.3054,0,0,0,1,1,0.5,0.5,0.5566,43.4,0.5301,0.5566,bronze,trending_up,trending_up,0.0,"{""5m"": ""uptrend"", ""15m"": ""ranging"", ""1h"": ""uptrend"", ""4h"": ""reversal"", ""1d"": ""reversal""}",rejected,"[SMART MONEY] Apenas 2 confirmações (mínimo 3): order_block, fvg, fvg, fvg, fvg, fvg, fvg, fvg, fvg, fvg, fvg, fvg, fvg, fvg, fvg, fvg, fvg, fvg, fvg, fvg, fvg, fvg, fvg, fvg, fvg, fvg, fvg, fvg, fvg, fvg, fvg, fvg, fvg, fvg, fvg, fvg, fvg, fvg, fvg, fvg, fvg, fvg, fvg, fvg, fvg, fvg, fvg, fvg, fvg, fvg, fvg, fvg, fvg, fvg, fvg, fvg, fvg, fvg, fvg, fvg, fvg, fvg, fvg, fvg, fvg, fvg, fvg, fvg, fvg, fvg, fvg, fvg, fvg, fvg, fvg, fvg, fvg, fvg, fvg, fvg, fvg, fvg, fvg, fvg, fvg, fvg, fvg, fvg, fvg, fvg, fvg, fvg, fvg, fvg, fvg, fvg, fvg, fvg, fvg, fvg, fvg, fvg, fvg, fvg, fvg, fvg, fvg, fvg, fvg, fvg, fvg, fvg, fvg, fvg, fvg, fvg, fvg, fvg, fvg, fvg, fvg, fvg, fvg, fvg, fvg, fvg, fvg, fvg, fvg, fvg, fvg, fvg, fvg, fvg, fvg, fvg, fvg, fvg, fvg, fvg, fvg; [RR] TP1 2.00 < mínimo 2.0:1; [CONFIANÇA] 0.53 < 0.75; [QUALIDADE] 0.56 < 0.70; [SCORE INST] 0.56 < 0.70; [SCORE ESTRUT] 43.4 < 50; [ADX] 8.9 < 20 — tendência fraca",,,,,,
2026-07-06T09:50:07.500147+00:00,BTCUSDT,4h,short,65680.1422,66079.1307,64682.671,64183.9354,0.0,100.0,0.0,1.5756,64196.3982,63614.6996,63686.1731,1,1,0,0,1,0.4,0.4,0.8193,69.34,0.8776,0.8193,ouro,trending_down,trending_down,0.0,"{""5m"": ""ranging"", ""15m"": ""uptrend"", ""1h"": ""downtrend"", ""4h"": ""uptrend"", ""1d"": ""uptrend""}",approved,,✓ ScoreInst=1 ScoreEstrut=69; ✓ Conf=88% Qual=1; ✓ RR TP1=2.50 TP2=3.75; ✓ Smart Money: 3/4+ confirmações; ✓ Regime=trending_down MTF alinhado; ✓ RVOL=1.6x Volume=True,,,,,
2026-07-06T09:50:07.502608+00:00,BTCUSDT,1h,short,66386.122,66785.1105,65388.6508,64889.9152,0.0,100.0,0.0,1.0428,67066.8315,67317.7816,67133.0221,0,1,0,1,1,0.4,0.4,0.7468,55.46,0.7979,0.7468,prata,trending_down,trending_down,0.0,"{""5m"": ""ranging"", ""15m"": ""uptrend"", ""1h"": ""downtrend"", ""4h"": ""uptrend"", ""1d"": ""uptrend""}",approved,,✓ ScoreInst=1 ScoreEstrut=55; ✓ Conf=80% Qual=1; ✓ RR TP1=2.50 TP2=3.75; ✓ Smart Money: 3/4+ confirmações; ✓ Regime=trending_down MTF alinhado; ✓ RVOL=1.0x Volume=True,,,,,
2026-07-06T09:51:03.560040+00:00,BTCUSDT,1d,long,68024.7943,67698.2249,68841.2175,69249.4292,0.0,100.0,0.0,0.938,66768.0306,65665.4485,65413.2361,1,1,0,1,1,0.4,0.4,0.732,67.86,0.8256,0.732,prata,ranging,ranging,0.0,"{""5m"": ""ranging"", ""15m"": ""uptrend"", ""1h"": ""uptrend"", ""4h"": ""reversal"", ""1d"": ""uptrend""}",approved,,✓ ScoreInst=1 ScoreEstrut=68; ✓ Conf=83% Qual=1; ✓ RR TP1=2.50 TP2=3.75; ✓ Smart Money: 4/4+ confirmações; ✓ Regime=ranging MTF alinhado; ✓ RVOL=0.9x Volume=True,,,,,
2026-07-06T09:51:03.562876+00:00,BTCUSDT,1h,short,66680.9035,67007.4728,66027.7649,65701.1956,0.0,61.61291436603771,0.0,0.5665,65418.7224,64636.8181,64510.2709,1,1,0,0,1,0.4,0.4,0.6914,68.01,0.7876,0.6914,prata,ranging,ranging,0.0,"{""5m"": ""ranging"", ""15m"": ""uptrend"", ""1h"": ""uptrend"", ""4h"": ""reversal"", ""1d"": ""uptrend""}",rejected,[QUALIDADE] 0.69 < 0.70; [SCORE INST] 0.69 < 0.70; [REGIME] Mercado ranging — não operar,,,,,,
2026-07-06T09:51:03.568505+00:00,BTCUSDT,15m,short,66523.5195,66850.0889,65870.3809,65543.8116,0.0,91.12225260431012,0.0,1.5024,67431.293,67347.958,67048.4722,0,1,0,1,1,0.4,0.4,0.6565,55.47,0.708,0.6565,prata,ranging,ranging,0.0,"{""5m"": ""ranging"", ""15m"": ""uptrend"", ""1h"": ""uptrend"", ""4h"": ""reversal"", ""1d"": ""uptrend""}",rejected,[RR] TP1 2.00 < mínimo 2.0:1; [CONFIANÇA] 0.71 < 0.75; [QUALIDADE] 0.66 < 0.70; [SCORE INST] 0.66 < 0.70; [REGIME] Mercado ranging — não operar,,,,,,
2026-07-06T09:51:03.571639+00:00,BTCUSDT,4h,long,63488.7259,63162.1566,63978.5799,64223.5069,0.0,82.17027954189177,0.0,0.6776,62923.7599,63064.3402,63200.3578,0,0,0,1,1,0.5,0.5,0.4697,44.25,0.4402,0.4697,bronze,ranging,ranging,0.0,"{""5m"": ""ranging"", ""15m"": ""uptrend"", ""1h"": ""uptrend"", ""4h"": ""reversal"", ""1d"": ""uptrend""}",rejected,"[SMART MONEY] Apenas 2 confirmações (mínimo 3): order_block, order_block, fvg, fvg, fvg, fvg, fvg, fvg, fvg, fvg, fvg, fvg, fvg, fvg, fvg, fvg, fvg, fvg, fvg, fvg, fvg, fvg, fvg, fvg, fvg, fvg, fvg, fvg, fvg, fvg, fvg, fvg, fvg, fvg, fvg, fvg, fvg, fvg, fvg, fvg, fvg, fvg, fvg, fvg, fvg, fvg, fvg, fvg, fvg, fvg, fvg, fvg, fvg, fvg, fvg, fvg, fvg, fvg, fvg, fvg, fvg, fvg, fvg, fvg, fvg, fvg, fvg, fvg, fvg, fvg, fvg, fvg, fvg, fvg, fvg, fvg, fvg, fvg, fvg, fvg, fvg, fvg, fvg, fvg, fvg, fvg, fvg, fvg, fvg, fvg, fvg, fvg, fvg, fvg, fvg, fvg, fvg, fvg, fvg, fvg, fvg, fvg, fvg, fvg, fvg, fvg, fvg, fvg, fvg, fvg, fvg, fvg, fvg, fvg, fvg, fvg, fvg, fvg, fvg, fvg, fvg, fvg, fvg, fvg, fvg, fvg, fvg, fvg, fvg, fvg, fvg, fvg, fvg, fvg, fvg, fvg, fvg, fvg, fvg, fvg, fvg, fvg, fvg, fvg, fvg; [RR] TP1 1.50 < mínimo 2.0:1; [CONFIANÇA] 0.44 < 0.75; [QUALIDADE] 0.47 < 0.70; [SCORE INST] 0.47 < 0.70; [SCORE ESTRUT] 44.2 < 50; [REGIME] Mercado ranging — não operar",,,,,,
2026-07-06T09:51:03.642091+00:00,ETHUSDT,15m,short,3610.261,3630.9685,3558.4923,3532.6079,0.0,100.0,0.0,0.8332,3524.11,3498.9481,3495.6751,1,1,0,1,1,0.4,0.4,0.82,69.82000000000001,0.9153,0.82,ouro,trending_down,trending_down,0.0,"{""5m"": ""uptrend"", ""15m"": ""uptrend"", ""1h"": ""uptrend"", ""4h"": ""uptrend"", ""1d"": ""uptrend""}",approved,,✓ ScoreInst=1 ScoreEstrut=70; ✓ Conf=92% Qual=1; ✓ RR TP1=2.50 TP2=3.75; ✓ Smart Money: 4/4+ confirmações; ✓ Regime=trending_down MTF alinhado; ✓ RVOL=0.8x Volume=True,,,,,
2026-07-06T09:51:03.644572+00:00,ETHUSDT,1d,short,3671.1144,3691.8219,3619.3456,3593.4613,0.0,100.0,0.0,0.4153,3695.8901,3657.2035,3640.7699,0,1,1,1,1,0.4,0.4,0.8061,65.28,0.9157,0.8061,ouro,trending_down,trending_down,0.0,"{""5m"": ""uptrend"", ""15m"": ""uptrend"", ""1h"": ""uptrend"", ""4h"": ""uptrend"", ""1d"": ""uptrend""}",rejected,[RVOL] 0.4x < mínimo 0.5x,,,,,,
2026-07-06T09:51:03.647293+00:00,ETHUSDT,4h,short,3624.1882,3644.8957,3572.4194,3546.535,0.0,98.40186854941587,0.0,1.6585,3665.3506,3620.5092,3605.2577,0,1,0,1,1,0.4,0.4,0.7464,53.779999999999994,0.7979,0.7464,prata,trending_down,trending_down,0.0,"{""5m"": ""uptrend"", ""15m"": ""uptrend"", ""1h"": ""uptrend"", ""4h"": ""uptrend"", ""1d"": ""uptrend""}",approved,,✓ ScoreInst=1 ScoreEstrut=54; ✓ Conf=80% Qual=1; ✓ RR TP1=2.50 TP2=3.75; ✓ Smart Money: 3/4+ confirmações; ✓ Regime=trending_down MTF alinhado; ✓ RVOL=1.7x Volume=True,,,,,
2026-07-06T09:51:03.650699+00:00,ETHUSDT,5m,short,3606.6369,3627.3444,3554.8681,3528.9837,0.0,90.86873474004096,0.0,0.9003,3547.9349,3521.647,3506.722,0,1,0,1,1,0.4,0.4,0.7392,59.050000000000004,0.7979,0.7392,prata,trending_down,trending_down,0.0,"{""5m"": ""uptrend"", ""15m"": ""uptrend"", ""1h"": ""uptrend"", ""4h"": ""uptrend"", ""1d"": ""uptrend""}",approved,,✓ ScoreInst=1 ScoreEstrut=59; ✓ Conf=80% Qual=1; ✓ RR TP1=2.50 TP2=3.75; ✓ Smart Money: 3/4+ confirmações; ✓ Regime=trending_down MTF alinhado; ✓ RVOL=0.9x Volume=True,,,,,
2026-07-06T09:51:03.653004+00:00,ETHUSDT,1h,short,3589.4598,3610.1673,3537.691,3511.8067,0.0,100.0,0.0,0.3867,3662.1456,3643.2391,3633.2486,0,1,0,0,1,0.4,0.4,0.7081,59.17,0.7602,0.7081,prata,trending_down,trending_down,0.0,"{""5m"": ""uptrend"", ""15m"": ""uptrend"", ""1h"": ""uptrend"", ""4h"": ""uptrend"", ""1d"": ""uptrend""}",rejected,"[SMART MONEY] Apenas 2 confirmações (mínimo 3): choch, fvg, fvg, fvg, fvg, fvg, fvg, fvg, fvg, fvg, fvg, fvg, fvg, fvg, fvg, fvg, fvg, fvg, fvg, fvg, fvg, fvg, fvg, fvg, fvg, fvg, fvg, fvg, fvg, fvg, fvg, fvg, fvg, fvg, fvg, fvg, fvg, fvg, fvg, fvg, fvg, fvg, fvg, fvg, fvg, fvg, fvg, fvg, fvg, fvg, fvg, fvg, fvg, fvg, fvg, fvg, fvg, fvg, fvg, fvg, fvg, fvg, fvg, fvg, fvg, fvg, fvg, fvg, fvg, fvg, fvg, fvg, fvg, fvg, fvg, fvg, fvg, fvg, fvg, fvg, fvg, fvg, fvg, fvg, fvg, fvg, fvg, fvg, fvg, fvg, fvg, fvg, fvg, fvg, fvg, fvg, fvg, fvg, fvg, fvg, fvg, fvg, fvg, fvg, fvg, fvg, fvg, fvg, fvg, fvg, fvg, fvg, fvg, fvg, fvg, fvg, fvg, fvg, fvg, fvg, fvg, fvg, fvg, fvg, fvg, fvg, fvg, fvg, fvg, fvg, fvg, fvg, fvg, fvg, fvg, fvg, fvg, fvg, fvg, fvg, fvg, fvg, fvg, fvg, fvg, fvg, fvg, fvg, fvg; [RVOL] 0.4x < mínimo 0.5x",,,,,,
2026-07-06T09:51:03.709972+00:00,SOLUSDT,15m,short,150.8413,151.6809,148.7422,147.6927,0.0,31.692503752519784,0.0,1.1176,149.1912,147.2458,146.6204,0,1,1,1,1,0.4,0.4,0.7226,69.15,0.8259,0.7226,prata,ranging,ranging,0.0,"{""5m"": ""ranging"", ""15m"": ""uptrend"", ""1h"": ""downtrend"", ""4h"": ""uptrend"", ""1d"": ""uptrend""}",approved,,✓ ScoreInst=1 ScoreEstrut=69; ✓ Conf=83% Qual=1; ✓ RR TP1=2.50 TP2=3.75; ✓ Smart Money: 4/4+ confirmações; ✓ Regime=ranging MTF alinhado; ✓ RVOL=1.1x Volume=True,,,,,
2026-07-06T09:51:03.712550+00:00,SOLUSDT,1h,long,147.0051,146.1655,149.1042,150.1537,0.0,30.952883587579016,0.0,1.0463,146.3901,146.8406,146.6224,0,1,1,1,1,0.4,0.4,0.7134,62.41,0.8258,0.7134,prata,ranging,ranging,0.0,"{""5m"": ""ranging"", ""15m"": ""uptrend"", ""1h"": ""downtrend"", ""4h"": ""uptrend"", ""1d"": ""uptrend""}",approved,,✓ ScoreInst=1 ScoreEstrut=62; ✓ Conf=83% Qual=1; ✓ RR TP1=2.50 TP2=3.75; ✓ Smart Money: 4/4+ confirmações; ✓ Regime=ranging MTF alinhado; ✓ RVOL=1.0x Volume=True,,,,,
2026-07-06T09:51:03.716013+00:00,SOLUSDT,1d,long,144.3497,143.5101,146.029,146.8686,0.0,63.78558730447501,0.0,0.2148,144.0696,143.474,143.6583,0,1,0,1,1,0.4,0.4,0.6221,50.38,0.708,0.6221,prata,ranging,ranging,0.0,"{""5m"": ""ranging"", ""15m"": ""uptrend"", ""1h"": ""downtrend"", ""4h"": ""uptrend"", ""1d"": ""uptrend""}",rejected,[CONFIANÇA] 0.71 < 0.75; [QUALIDADE] 0.62 < 0.70; [SCORE INST] 0.62 < 0.70; [REGIME] Mercado ranging — não operar; [RVOL] 0.2x < mínimo 0.5x,,,,,,
2026-07-06T09:51:07.702432+00:00,ETHUSDT,15m,short,3610.261,3630.9685,3558.4923,3532.6079,0.0,100.0,0.0,0.8332,3524.11,3498.9481,3495.6751,1,1,0,1,1,0.4,0.4,0.82,69.82000000000001,0.9153,0.82,ouro,trending_down,trending_down,0.0,"{""5m"": ""uptrend"", ""15m"": ""uptrend"", ""1h"": ""uptrend"", ""4h"": ""uptrend"", ""1d"": ""uptrend""}",approved,,✓ ScoreInst=1 ScoreEstrut=70; ✓ Conf=92% Qual=1; ✓ RR TP1=2.50 TP2=3.75; ✓ Smart Money: 4/4+ confirmações; ✓ Regime=trending_down MTF alinhado; ✓ RVOL=0.8x Volume=True,,,,,
2026-07-06T09:51:07.704747+00:00,ETHUSDT,1d,short,3671.1144,3691.8219,3619.3456,3593.4613,0.0,100.0,0.0,0.4153,3695.8901,3657.2035,3640.7699,0,1,1,1,1,0.4,0.4,0.8061,65.28,0.9157,0.8061,ouro,trending_down,trending_down,0.0,"{""5m"": ""uptrend"", ""15m"": ""uptrend"", ""1h"": ""uptrend"", ""4h"": ""uptrend"", ""1d"": ""uptrend""}",rejected,[RVOL] 0.4x < mínimo 0.5x,,,,,,
2026-07-06T09:51:33.134330+00:00,BTCUSDT,1d,long,64342.6484,63988.9658,65403.6963,65934.2202,0.0,37.32894919168887,0.0,0.524,65084.4475,65916.5222,65891.9381,1,1,1,1,1,0.4,0.4,0.8663,77.25,0.9954,0.8663,ouro,trending_up,trending_up,0.0,"{""5m"": ""reversal"", ""15m"": ""downtrend"", ""1h"": ""uptrend"", ""4h"": ""uptrend"", ""1d"": ""downtrend""}",approved,,✓ ScoreInst=1 ScoreEstrut=77; ✓ Conf=100% Qual=1; ✓ RR TP1=3.00 TP2=4.50; ✓ Smart Money: 5/4+ confirmações; ✓ Regime=trending_up MTF alinhado; ✓ RVOL=0.5x Volume=True,,,,,
2026-07-06T09:51:33.144744+00:00,BTCUSDT,1h,short,66251.071,66604.7537,65366.8645,64924.7612,0.0,100.0,0.0,1.1994,65597.0629,64797.5401,64689.7285,0,1,0,1,1,0.2262,0.2262,0.7436,50.67,0.7981,0.7436,prata,trending_up,trending_up,0.0,"{""5m"": ""reversal"", ""15m"": ""downtrend"", ""1h"": ""uptrend"", ""4h"": ""uptrend"", ""1d"": ""downtrend""}",approved,,✓ ScoreInst=1 ScoreEstrut=51; ✓ Conf=80% Qual=1; ✓ RR TP1=2.50 TP2=3.75; ✓ Smart Money: 3/4+ confirmações; ✓ Regime=trending_up MTF alinhado; ✓ RVOL=1.2x Volume=True,,,,,
2026-07-06T09:51:33.149984+00:00,BTCUSDT,4h,short,66696.2206,67049.9032,65812.014,65369.9108,0.0,83.114010996692,0.0,0.832,66023.4776,65631.3625,65463.7639,0,1,0,1,1,0.4,0.4,0.7413,56.830000000000005,0.7981,0.7413,prata,trending_up,trending_up,0.0,"{""5m"": ""reversal"", ""15m"": ""downtrend"", ""1h"": ""uptrend"", ""4h"": ""uptrend"", ""1d"": ""downtrend""}",approved,,✓ ScoreInst=1 ScoreEstrut=57; ✓ Conf=80% Qual=1; ✓ RR TP1=2.50 TP2=3.75; ✓ Smart Money: 3/4+ confirmações; ✓ Regime=trending_up MTF alinhado; ✓ RVOL=0.8x Volume=True,,,,,
2026-07-06T09:51:33.152188+00:00,BTCUSDT,15m,long,65132.2948,64778.6122,66016.5014,66458.6046,0.0,30.330319876517255,0.0,0.3088,64744.6779,64772.9714,64668.0787,0,1,0,1,1,0.4,0.4,0.7159,52.62,0.7979,0.7159,prata,trending_up,trending_up,0.0,"{""5m"": ""reversal"", ""15m"": ""downtrend"", ""1h"": ""uptrend"", ""4h"": ""uptrend"", ""1d"": ""downtrend""}",rejected,[RVOL] 0.3x < mínimo 0.5x,,,,,,
2026-07-06T09:51:33.157419+00:00,BTCUSDT,5m,short,66231.4627,66585.1454,65524.0975,65170.4149,0.0,75.76810835311682,0.0,1.2291,65608.483,65009.1175,64787.1162,0,0,1,1,1,0.5,0.5,0.6622,60.08,0.6479,0.6622,prata,trending_up,trending_up,0.0,"{""5m"": ""reversal"", ""15m"": ""downtrend"", ""1h"": ""uptrend"", ""4h"": ""uptrend"", ""1d"": ""downtrend""}",rejected,[RR] TP1 2.00 < mínimo 2.0:1; [CONFIANÇA] 0.65 < 0.75; [QUALIDADE] 0.66 < 0.70; [SCORE INST] 0.66 < 0.70,,,,,,
2026-07-06T09:51:33.223143+00:00,ETHUSDT,4h,short,3687.7837,3707.0512,3639.6148,3615.5304,0.0,89.56953207764028,0.0,1.4141,3694.8231,3620.8076,3598.3249,0,1,1,1,1,0.4,0.4,0.7371,65.94,0.8257,0.7371,prata,ranging,ranging,0.0,"{""5m"": ""uptrend"", ""15m"": ""uptrend"", ""1h"": ""uptrend"", ""4h"": ""uptrend"", ""1d"": ""uptrend""}",approved,,✓ ScoreInst=1 ScoreEstrut=66; ✓ Conf=83% Qual=1; ✓ RR TP1=2.50 TP2=3.75; ✓ Smart Money: 4/4+ confirmações; ✓ Regime=ranging MTF alinhado; ✓ RVOL=1.4x Volume=True,,,,,
2026-07-06T09:51:33.256376+00:00,ETHUSDT,1d,long,3637.2982,3618.0307,3685.4671,3709.5515,0.0,100.0,0.0,1.4409,3550.1699,3496.3609,3489.0946,1,1,0,1,1,0.2159,0.2159,0.7361,63.4,0.8252,0.7361,prata,ranging,ranging,0.0,"{""5m"": ""uptrend"", ""15m"": ""uptrend"", ""1h"": ""uptrend"", ""4h"": ""uptrend"", ""1d"": ""uptrend""}",approved,,✓ ScoreInst=1 ScoreEstrut=63; ✓ Conf=83% Qual=1; ✓ RR TP1=2.50 TP2=3.75; ✓ Smart Money: 4/4+ confirmações; ✓ Regime=ranging MTF alinhado; ✓ RVOL=1.4x Volume=True,,,,,
2026-07-06T09:51:33.258909+00:00,ETHUSDT,5m,short,3570.0867,3589.3542,3521.9178,3497.8334,0.0,100.0,0.0,0.9637,3499.9765,3470.1017,3470.1367,1,1,0,1,1,0.4,0.4,0.7339,68.27,0.8253,0.7339,prata,ranging,ranging,0.0,"{""5m"": ""uptrend"", ""15m"": ""uptrend"", ""1h"": ""uptrend"", ""4h"": ""uptrend"", ""1d"": ""uptrend""}",approved,,✓ ScoreInst=1 ScoreEstrut=68; ✓ Conf=83% Qual=1; ✓ RR TP1=2.50 TP2=3.75; ✓ Smart Money: 4/4+ confirmações; ✓ Regime=ranging MTF alinhado; ✓ RVOL=1.0x Volume=True,,,,,
2026-07-06T09:51:33.261040+00:00,ETHUSDT,1h,short,3593.4165,3612.684,3545.2476,3521.1632,0.0,100.0,0.0,1.0184,3625.0329,3611.0266,3598.7564,0,1,1,1,1,0.4,0.4,0.7295,63.59,0.8257,0.7295,prata,ranging,ranging,0.0,"{""5m"": ""uptrend"", ""15m"": ""uptrend"", ""1h"": ""uptrend"", ""4h"": ""uptrend"", ""1d"": ""uptrend""}",approved,,✓ ScoreInst=1 ScoreEstrut=64; ✓ Conf=83% Qual=1; ✓ RR TP1=2.50 TP2=3.75; ✓ Smart Money: 4/4+ confirmações; ✓ Regime=ranging MTF alinhado; ✓ RVOL=1.0x Volume=True,,,,,
2026-07-06T09:51:33.263162+00:00,ETHUSDT,15m,long,3600.4521,3581.1845,3648.621,3672.7054,0.0,83.86781201658351,0.0,0.728,3540.6764,3497.1926,3490.183,1,1,0,1,1,0.199,0.199,0.7158,60.129999999999995,0.8253,0.7158,prata,ranging,ranging,0.0,"{""5m"": ""uptrend"", ""15m"": ""uptrend"", ""1h"": ""uptrend"", ""4h"": ""uptrend"", ""1d"": ""uptrend""}",approved,,✓ ScoreInst=1 ScoreEstrut=60; ✓ Conf=83% Qual=1; ✓ RR TP1=2.50 TP2=3.75; ✓ Smart Money: 4/4+ confirmações; ✓ Regime=ranging MTF alinhado; ✓ RVOL=0.7x Volume=True,,,,,
2026-07-06T09:51:33.314073+00:00,SOLUSDT,1h,short,144.8301,145.5686,142.9838,142.0607,0.0,100.0,0.0,1.2144,147.6702,147.0246,147.0401,0,1,1,1,1,0.4,0.4,0.8383,72.0,0.9156,0.8383,ouro,trending_down,trending_down,0.0,"{""5m"": ""ranging"", ""15m"": ""ranging"", ""1h"": ""uptrend"", ""4h"": ""uptrend"", ""1d"": ""reversal""}",approved,,✓ ScoreInst=1 ScoreEstrut=72; ✓ Conf=92% Qual=1; ✓ RR TP1=2.50 TP2=3.75; ✓ Smart Money: 4/4+ confirmações; ✓ Regime=trending_down MTF alinhado; ✓ RVOL=1.2x Volume=True,,,,,
2026-07-06T09:51:33.316446+00:00,SOLUSDT,4h,long,149.7869,149.0484,151.6332,152.5563,0.0,93.26996378390461,0.0,1.8935,147.2803,145.7657,145.4384,0,1,0,1,1,0.4,0.4,0.7662,59.21999999999999,0.798,0.7662,ouro,trending_down,trending_down,0.0,"{""5m"": ""ranging"", ""15m"": ""ranging"", ""1h"": ""uptrend"", ""4h"": ""uptrend"", ""1d"": ""reversal""}",approved,,✓ ScoreInst=1 ScoreEstrut=59; ✓ Conf=80% Qual=1; ✓ RR TP1=2.50 TP2=3.75; ✓ Smart Money: 3/4+ confirmações; ✓ Regime=trending_down MTF alinhado; ✓ RVOL=1.9x Volume=True,,,,,
2026-07-06T09:51:33.323865+00:00,SOLUSDT,15m,long,144.4354,143.6969,145.9124,146.6509,0.0,99.04840592596058,0.0,0.832,142.4255,143.1763,143.2192,0,0,0,1,1,0.4,0.4,0.6022,43.91,0.5801,0.6022,prata,trending_down,trending_down,0.0,"{""5m"": ""ranging"", ""15m"": ""ranging"", ""1h"": ""uptrend"", ""4h"": ""uptrend"", ""1d"": ""reversal""}",rejected,"[SMART MONEY] Apenas 2 confirmações (mínimo 3): order_block, fvg, fvg, fvg, fvg, fvg, fvg, fvg, fvg, fvg, fvg, fvg, fvg, fvg, fvg, fvg, fvg, fvg, fvg, fvg, fvg, fvg, fvg, fvg, fvg, fvg, fvg, fvg, fvg, fvg, fvg, fvg, fvg, fvg, fvg, fvg, fvg, fvg, fvg, fvg, fvg, fvg, fvg, fvg, fvg, fvg, fvg, fvg, fvg, fvg, fvg, fvg, fvg, fvg, fvg, fvg, fvg, fvg, fvg, fvg, fvg, fvg, fvg, fvg, fvg, fvg, fvg, fvg, fvg, fvg, fvg, fvg, fvg, fvg, fvg, fvg, fvg, fvg, fvg, fvg, fvg, fvg, fvg, fvg, fvg, fvg, fvg, fvg, fvg, fvg, fvg, fvg, fvg, fvg, fvg, fvg, fvg, fvg, fvg, fvg, fvg, fvg, fvg, fvg, fvg, fvg, fvg, fvg, fvg, fvg, fvg, fvg, fvg, fvg, fvg, fvg, fvg, fvg, fvg, fvg, fvg, fvg, fvg, fvg, fvg, fvg, fvg, fvg, fvg, fvg, fvg, fvg, fvg, fvg, fvg, fvg, fvg, fvg, fvg, fvg, fvg, fvg, fvg, fvg, fvg, fvg, fvg, fvg, fvg, fvg, fvg; [CONFIANÇA] 0.58 < 0.75; [QUALIDADE] 0.60 < 0.70; [SCORE INST] 0.60 < 0.70; [SCORE ESTRUT] 43.9 < 50",,,,,,
2026-07-06T09:51:33.330753+00:00,SOLUSDT,1d,long,145.7458,145.0073,147.2228,147.9613,0.0,100.0,0.0,0.9072,148.9769,149.6389,149.2523,0,0,0,1,1,0.5,0.5,0.5863,52.339999999999996,0.5301,0.5863,bronze,trending_down,trending_down,0.0,"{""5m"": ""ranging"", ""15m"": ""ranging"", ""1h"": ""uptrend"", ""4h"": ""uptrend"", ""1d"": ""reversal""}",rejected,"[SMART MONEY] Apenas 2 confirmações (mínimo 3): order_block, fvg, fvg, fvg, fvg, fvg, fvg, fvg, fvg, fvg, fvg, fvg, fvg, fvg, fvg, fvg, fvg, fvg, fvg, fvg, fvg, fvg, fvg, fvg, fvg, fvg, fvg, fvg, fvg, fvg, fvg, fvg, fvg, fvg, fvg, fvg, fvg, fvg, fvg, fvg, fvg, fvg, fvg, fvg, fvg, fvg, fvg, fvg, fvg, fvg, fvg, fvg, fvg, fvg, fvg, fvg, fvg, fvg, fvg, fvg, fvg, fvg, fvg, fvg, fvg, fvg, fvg, fvg, fvg, fvg, fvg, fvg, fvg, fvg, fvg, fvg, fvg, fvg, fvg, fvg, fvg, fvg, fvg, fvg, fvg, fvg, fvg, fvg, fvg, fvg, fvg, fvg, fvg, fvg, fvg, fvg, fvg, fvg, fvg, fvg, fvg, fvg, fvg, fvg, fvg, fvg, fvg, fvg, fvg, fvg, fvg, fvg, fvg, fvg, fvg, fvg, fvg, fvg, fvg, fvg, fvg, fvg, fvg, fvg, fvg, fvg, fvg, fvg, fvg, fvg, fvg, fvg, fvg, fvg, fvg, fvg, fvg, fvg, fvg, fvg, fvg, fvg, fvg, fvg, fvg, fvg, fvg, fvg, fvg, fvg, fvg, fvg, fvg, fvg, fvg, fvg, fvg, fvg, fvg, fvg, fvg; [CONFIANÇA] 0.53 < 0.75; [QUALIDADE] 0.59 < 0.70; [SCORE INST] 0.59 < 0.70",,,,,,
2026-07-06T09:52:25.516251+00:00,BTCUSDT,15m,short,66233.7583,66546.2179,65452.6093,65062.0348,0.0,100.0,0.0,0.487,67333.6348,67342.0336,67228.1933,1,1,1,0,1,0.4,0.4,0.7804,78.9,0.9054,0.7804,ouro,ranging,ranging,0.0,"{""5m"": ""uptrend"", ""15m"": ""downtrend"", ""1h"": ""ranging"", ""4h"": ""downtrend"", ""1d"": ""downtrend""}",rejected,[RVOL] 0.5x < mínimo 0.5x,,,,,,
2026-07-06T09:52:25.520165+00:00,BTCUSDT,1d,short,66116.5839,66429.0435,65491.6647,65179.2052,0.0,84.69656223134031,0.0,1.6135,64710.3974,64350.2566,64285.8729,0,1,0,1,1,0.4,0.4,0.6604,60.870000000000005,0.708,0.6604,prata,ranging,ranging,0.0,"{""5m"": ""uptrend"", ""15m"": ""downtrend"", ""1h"": ""ranging"", ""4h"": ""downtrend"", ""1d"": ""downtrend""}",rejected,[CONFIANÇA] 0.71 < 0.75; [QUALIDADE] 0.66 < 0.70; [SCORE INST] 0.66 < 0.70; [REGIME] Mercado ranging — não operar,,,,,,
2026-07-06T09:52:25.534142+00:00,BTCUSDT,5m,short,66076.879,66389.3386,65451.9599,65139.5003,0.0,100.0,0.0,1.5639,67466.7602,66541.303,66452.9704,0,1,0,1,1,0.4,0.4,0.6603,57.21000000000001,0.7081,0.6603,prata,ranging,ranging,0.0,"{""5m"": ""uptrend"", ""15m"": ""downtrend"", ""1h"": ""ranging"", ""4h"": ""downtrend"", ""1d"": ""downtrend""}",rejected,[RR] TP1 2.00 < mínimo 2.0:1; [CONFIANÇA] 0.71 < 0.75; [QUALIDADE] 0.66 < 0.70; [SCORE INST] 0.66 < 0.70; [REGIME] Mercado ranging — não operar,,,,,,
2026-07-06T09:52:25.537121+00:00,BTCUSDT,4h,long,64021.4842,63709.0246,64646.4033,64958.8629,0.0,96.12149404348712,0.0,0.198,62653.6379,62979.6608,63094.6595,0,1,0,1,1,0.4,0.4,0.6396,60.79,0.7079,0.6396,prata,ranging,ranging,0.0,"{""5m"": ""uptrend"", ""15m"": ""downtrend"", ""1h"": ""ranging"", ""4h"": ""downtrend"", ""1d"": ""downtrend""}",rejected,[RR] TP1 2.00 < mínimo 2.0:1; [CONFIANÇA] 0.71 < 0.75; [QUALIDADE] 0.64 < 0.70; [SCORE INST] 0.64 < 0.70; [REGIME] Mercado ranging — não operar; [RVOL] 0.2x < mínimo 0.5x,,,,,,
2026-07-06T09:52:25.594799+00:00,ETHUSDT,15m,short,3643.3267,3661.7133,3588.1669,3560.587,0.0,36.5471184728819,0.0,1.3734,3607.6535,3550.8097,3536.3981,1,1,1,1,1,0.4,0.4,0.8729,76.73,0.9956,0.8729,ouro,trending_down,trending_down,0.0,"{""5m"": ""uptrend"", ""15m"": ""uptrend"", ""1h"": ""ranging"", ""4h"": ""ranging"", ""1d"": ""reversal""}",approved,,✓ ScoreInst=1 ScoreEstrut=77; ✓ Conf=100% Qual=1; ✓ RR TP1=3.00 TP2=4.50; ✓ Smart Money: 5/4+ confirmações; ✓ Regime=trending_down MTF alinhado; ✓ RVOL=1.4x Volume=True,,,,,
2026-07-06T09:52:25.601264+00:00,ETHUSDT,5m,short,3622.3723,3640.7589,3576.4057,3553.4225,0.0,100.0,0.0,1.1165,3673.9913,3653.0455,3638.4701,0,1,0,1,1,0.4,0.4,0.743,54.48,0.7981,0.743,prata,trending_down,trending_down,0.0,"{""5m"": ""uptrend"", ""15m"": ""uptrend"", ""1h"": ""ranging"", ""4h"": ""ranging"", ""1d"": ""reversal""}",approved,,✓ ScoreInst=1 ScoreEstrut=54; ✓ Conf=80% Qual=1; ✓ RR TP1=2.50 TP2=3.75; ✓ Smart Money: 3/4+ confirmações; ✓ Regime=trending_down MTF alinhado; ✓ RVOL=1.1x Volume=True,,,,,
2026-07-06T09:52:25.604195+00:00,ETHUSDT,1h,long,3557.1083,3538.7217,3593.8815,3612.2681,0.0,100.0,0.0,0.5462,3622.2037,3619.5016,3609.1708,0,0,1,1,1,0.4,0.4,0.6805,59.35,0.6979,0.6805,prata,trending_down,trending_down,0.0,"{""5m"": ""uptrend"", ""15m"": ""uptrend"", ""1h"": ""ranging"", ""4h"": ""ranging"", ""1d"": ""reversal""}",rejected,[CONFIANÇA] 0.70 < 0.75; [QUALIDADE] 0.68 < 0.70; [SCORE INST] 0.68 < 0.70,,,,,,
2026-07-06T09:52:25.606546+00:00,ETHUSDT,4h,short,3519.5625,3537.9491,3482.7893,3464.4027,0.0,100.0,0.0,1.5572,3453.7902,3450.2164,3449.9108,0,0,0,1,1,0.4,0.4,0.6158,47.92,0.5802,0.6158,prata,trending_down,trending_down,0.0,"{""5m"": ""uptrend"", ""15m"": ""uptrend"", ""1h"": ""ranging"", ""4h"": ""ranging"", ""1d"": ""reversal""}",rejected,"[SMART MONEY] Apenas 2 confirmações (mínimo 3): order_block, order_block, fvg, fvg, fvg, fvg, fvg, fvg, fvg, fvg, fvg, fvg, fvg, fvg, fvg, fvg, fvg, fvg, fvg, fvg, fvg, fvg, fvg, fvg, fvg, fvg, fvg, fvg, fvg, fvg, fvg, fvg, fvg, fvg, fvg, fvg, fvg, fvg, fvg, fvg, fvg, fvg, fvg, fvg, fvg, fvg, fvg, fvg, fvg, fvg, fvg, fvg, fvg, fvg, fvg, fvg, fvg, fvg, fvg, fvg, fvg, fvg, fvg, fvg, fvg, fvg, fvg, fvg, fvg, fvg, fvg, fvg, fvg, fvg, fvg, fvg, fvg, fvg, fvg, fvg, fvg, fvg, fvg, fvg, fvg, fvg, fvg, fvg, fvg, fvg, fvg, fvg, fvg, fvg, fvg, fvg, fvg, fvg, fvg, fvg, fvg, fvg, fvg, fvg, fvg, fvg, fvg, fvg, fvg, fvg, fvg, fvg, fvg, fvg, fvg, fvg, fvg, fvg, fvg, fvg, fvg, fvg, fvg, fvg, fvg, fvg, fvg, fvg, fvg, fvg, fvg, fvg, fvg, fvg, fvg, fvg, fvg, fvg, fvg, fvg, fvg, fvg, fvg, fvg, fvg, fvg; [CONFIANÇA] 0.58 < 0.75; [QUALIDADE] 0.62 < 0.70; [SCORE INST] 0.62 < 0.70; [SCORE ESTRUT] 47.9 < 50",,,,,,
2026-07-06T09:52:25.608694+00:00,ETHUSDT,1d,short,3560.9961,3579.3827,3524.2229,3505.8363,0.0,35.87958207938517,0.0,1.2302,3547.271,3535.7892,3533.859,0,0,0,1,1,0.5,0.5,0.566,43.55,0.5301,0.566,bronze,trending_down,trending_down,0.0,"{""5m"": ""uptrend"", ""15m"": ""uptrend"", ""1h"": ""ranging"", ""4h"": ""ranging"", ""1d"": ""reversal""}",rejected,"[SMART MONEY] Apenas 2 confirmações (mínimo 3): order_block, fvg, fvg, fvg, fvg, fvg, fvg, fvg, fvg, fvg, fvg, fvg, fvg, fvg, fvg, fvg, fvg, fvg, fvg, fvg, fvg, fvg, fvg, fvg, fvg, fvg, fvg, fvg, fvg, fvg, fvg, fvg, fvg, fvg, fvg, fvg, fvg, fvg, fvg, fvg, fvg, fvg, fvg, fvg, fvg, fvg, fvg, fvg, fvg, fvg, fvg, fvg, fvg, fvg, fvg, fvg, fvg, fvg, fvg, fvg, fvg, fvg, fvg, fvg, fvg, fvg, fvg, fvg, fvg, fvg, fvg, fvg, fvg, fvg, fvg, fvg, fvg, fvg, fvg, fvg, fvg, fvg, fvg, fvg, fvg, fvg, fvg, fvg, fvg, fvg, fvg, fvg, fvg, fvg, fvg, fvg, fvg, fvg, fvg, fvg, fvg, fvg, fvg, fvg, fvg, fvg, fvg, fvg, fvg, fvg, fvg, fvg, fvg, fvg, fvg, fvg, fvg, fvg, fvg, fvg, fvg, fvg, fvg, fvg, fvg, fvg, fvg, fvg, fvg, fvg, fvg, fvg, fvg, fvg, fvg, fvg, fvg, fvg, fvg, fvg, fvg, fvg, fvg, fvg; [CONFIANÇA] 0.53 < 0.75; [QUALIDADE] 0.57 < 0.70; [SCORE INST] 0.57 < 0.70; [SCORE ESTRUT] 43.5 < 50",,,,,,
2026-07-06T09:52:25.659810+00:00,SOLUSDT,1d,short,149.9685,150.6035,148.3809,147.5872,0.0,100.0,0.0,1.4357,145.221,143.2592,143.0006,1,1,0,1,1,0.4,0.4,0.7458,70.00999999999999,0.8254,0.7458,prata,ranging,ranging,0.0,"{""5m"": ""reversal"", ""15m"": ""ranging"", ""1h"": ""ranging"", ""4h"": ""uptrend"", ""1d"": ""uptrend""}",approved,,✓ ScoreInst=1 ScoreEstrut=70; ✓ Conf=83% Qual=1; ✓ RR TP1=2.50 TP2=3.75; ✓ Smart Money: 4/4+ confirmações; ✓ Regime=ranging MTF alinhado; ✓ RVOL=1.4x Volume=True,,,,,
2026-07-06T09:52:25.662578+00:00,SOLUSDT,4h,short,149.0174,149.6525,147.4299,146.6361,0.0,86.01587653928969,0.0,1.3454,148.6818,147.8293,147.456,0,1,1,1,1,0.4,0.4,0.7348,64.52,0.8257,0.7348,prata,ranging,ranging,0.0,"{""5m"": ""reversal"", ""15m"": ""ranging"", ""1h"": ""ranging"", ""4h"": ""uptrend"", ""1d"": ""uptrend""}",approved,,✓ ScoreInst=1 ScoreEstrut=65; ✓ Conf=83% Qual=1; ✓ RR TP1=2.50 TP2=3.75; ✓ Smart Money: 4/4+ confirmações; ✓ Regime=ranging MTF alinhado; ✓ RVOL=1.3x Volume=True,,,,,
2026-07-06T09:52:25.664976+00:00,SOLUSDT,5m,long,149.9036,149.2686,150.8562,151.3324,0.0,91.54536741209712,0.0,0.8092,148.9549,147.1572,146.7056,0,0,0,1,1,0.5,0.5,0.4828,46.989999999999995,0.4404,0.4828,bronze,ranging,ranging,0.0,"{""5m"": ""reversal"", ""15m"": ""ranging"", ""1h"": ""ranging"", ""4h"": ""uptrend"", ""1d"": ""uptrend""}",rejected,"[SMART MONEY] Apenas 2 confirmações (mínimo 3): order_block, order_block, order_block, fvg, fvg, fvg, fvg, fvg, fvg, fvg, fvg, fvg, fvg, fvg, fvg, fvg, fvg, fvg, fvg, fvg, fvg, fvg, fvg, fvg, fvg, fvg, fvg, fvg, fvg, fvg, fvg, fvg, fvg, fvg, fvg, fvg, fvg, fvg, fvg, fvg, fvg, fvg, fvg, fvg, fvg, fvg, fvg, fvg, fvg, fvg, fvg, fvg, fvg, fvg, fvg, fvg, fvg, fvg, fvg, fvg, fvg, fvg, fvg, fvg, fvg, fvg, fvg, fvg, fvg, fvg, fvg, fvg, fvg, fvg, fvg, fvg, fvg, fvg, fvg, fvg, fvg, fvg, fvg, fvg, fvg, fvg, fvg, fvg, fvg, fvg, fvg, fvg, fvg, fvg, fvg, fvg, fvg, fvg, fvg, fvg, fvg, fvg, fvg, fvg, fvg, fvg, fvg, fvg, fvg, fvg, fvg, fvg, fvg, fvg, fvg, fvg, fvg, fvg, fvg, fvg, fvg, fvg, fvg, fvg, fvg, fvg, fvg, fvg, fvg, fvg, fvg, fvg, fvg, fvg, fvg, fvg, fvg, fvg, fvg, fvg, fvg, fvg, fvg, fvg, fvg, fvg, fvg; [RR] TP1 1.50 < mínimo 2.0:1; [CONFIANÇA] 0.44 < 0.75; [QUALIDADE] 0.48 < 0.70; [SCORE INST] 0.48 < 0.70; [SCORE ESTRUT] 47.0 < 50; [REGIME] Mercado ranging — não operar",,,,,,
2026-07-06T09:52:30.533225+00:00,ETHUSDT,15m,short,3643.3267,3661.7133,3588.1669,3560.587,0.0,36.5471184728819,0.0,1.3734,3607.6535,3550.8097,3536.3981,1,1,1,1,1,0.4,0.4,0.8729,76.73,0.9956,0.8729,ouro,trending_down,trending_down,0.0,"{""5m"": ""uptrend"", ""15m"": ""uptrend"", ""1h"": ""ranging"", ""4h"": ""ranging"", ""1d"": ""reversal""}",approved,,✓ ScoreInst=1 ScoreEstrut=77; ✓ Conf=100% Qual=1; ✓ RR TP1=3.00 TP2=4.50; ✓ Smart Money: 5/4+ confirmações; ✓ Regime=trending_down MTF alinhado; ✓ RVOL=1.4x Volume=True,,,,,
2026-07-06T09:52:30.535998+00:00,BTCUSDT,15m,short,66233.7583,66546.2179,65452.6093,65062.0348,0.0,100.0,0.0,0.487,67333.6348,67342.0336,67228.1933,1,1,1,0,1,0.4,0.4,0.7804,78.9,0.9054,0.7804,ouro,ranging,ranging,0.0,"{""5m"": ""uptrend"", ""15m"": ""downtrend"", ""1h"": ""ranging"", ""4h"": ""downtrend"", ""1d"": ""downtrend""}",rejected,[RVOL] 0.5x < mínimo 0.5x,,,,,,
2026-07-06T09:53:20.321589+00:00,BTCUSDT,1d,short,65025.2547,65288.3422,64367.5358,64038.6764,0.0,100.0,0.0,2.1954,63877.1774,63438.3756,63484.3374,1,1,0,1,1,0.4,0.4,0.7469,67.55,0.8254,0.7469,prata,ranging,ranging,0.0,"{""5m"": ""ranging"", ""15m"": ""uptrend"", ""1h"": ""ranging"", ""4h"": ""uptrend"", ""1d"": ""uptrend""}",approved,,✓ ScoreInst=1 ScoreEstrut=68; ✓ Conf=83% Qual=1; ✓ RR TP1=2.50 TP2=3.75; ✓ Smart Money: 4/4+ confirmações; ✓ Regime=ranging MTF alinhado; ✓ RVOL=2.2x Volume=True,,,,,
2026-07-06T09:53:20.327669+00:00,BTCUSDT,4h,short,68995.9109,69258.9985,68338.1921,68009.3326,0.0,93.94694371879818,0.0,1.8539,67333.3461,65858.8772,65503.8508,1,1,0,1,1,0.3943,0.3943,0.7448,69.71000000000001,0.8255,0.7448,prata,ranging,ranging,0.0,"{""5m"": ""ranging"", ""15m"": ""uptrend"", ""1h"": ""ranging"", ""4h"": ""uptrend"", ""1d"": ""uptrend""}",approved,,✓ ScoreInst=1 ScoreEstrut=70; ✓ Conf=83% Qual=1; ✓ RR TP1=2.50 TP2=3.75; ✓ Smart Money: 4/4+ confirmações; ✓ Regime=ranging MTF alinhado; ✓ RVOL=1.9x Volume=True,,,,,
2026-07-06T09:53:20.331093+00:00,BTCUSDT,15m,short,68883.554,69146.6416,68225.8351,67896.9757,0.0,37.297259431108074,0.0,0.477,68296.4387,67294.0096,66872.3504,0,1,1,1,1,0.4,0.4,0.7099,68.28999999999999,0.8261,0.7099,prata,ranging,ranging,0.0,"{""5m"": ""ranging"", ""15m"": ""uptrend"", ""1h"": ""ranging"", ""4h"": ""uptrend"", ""1d"": ""uptrend""}",rejected,[RVOL] 0.5x < mínimo 0.5x,,,,,,
2026-07-06T09:53:20.401082+00:00,ETHUSDT,15m,long,3548.882,3530.9342,3602.7257,3629.6475,0.0,22.049000469648217,0.0,1.2246,3508.402,3463.4873,3461.0737,1,1,1,1,1,0.4,0.4,0.8707,77.31,0.9956,0.8707,ouro,trending_up,trending_up,0.0,"{""5m"": ""downtrend"", ""15m"": ""uptrend"", ""1h"": ""downtrend"", ""4h"": ""ranging"", ""1d"": ""downtrend""}",approved,,✓ ScoreInst=1 ScoreEstrut=77; ✓ Conf=100% Qual=1; ✓ RR TP1=3.00 TP2=4.50; ✓ Smart Money: 5/4+ confirmações; ✓ Regime=trending_up MTF alinhado; ✓ RVOL=1.2x Volume=True,,,,,
2026-07-06T09:53:20.403993+00:00,ETHUSDT,5m,short,3655.9656,3673.9135,3611.0959,3588.6611,0.0,100.0,0.0,1.1942,3572.8048,3535.5139,3517.1167,0,1,0,1,1,0.4,0.4,0.7532,61.419999999999995,0.7982,0.7532,ouro,trending_up,trending_up,0.0,"{""5m"": ""downtrend"", ""15m"": ""uptrend"", ""1h"": ""downtrend"", ""4h"": ""ranging"", ""1d"": ""downtrend""}",approved,,✓ ScoreInst=1 ScoreEstrut=61; ✓ Conf=80% Qual=1; ✓ RR TP1=2.50 TP2=3.75; ✓ Smart Money: 3/4+ confirmações; ✓ Regime=trending_up MTF alinhado; ✓ RVOL=1.2x Volume=True,,,,,
2026-07-06T09:53:20.407082+00:00,ETHUSDT,1d,short,3555.9331,3573.881,3511.0635,3488.6286,0.0,100.0,0.0,0.811,3606.5772,3638.8081,3625.8324,0,1,0,1,1,0.4,0.4,0.7419,58.18,0.7981,0.7419,prata,trending_up,trending_up,0.0,"{""5m"": ""downtrend"", ""15m"": ""uptrend"", ""1h"": ""downtrend"", ""4h"": ""ranging"", ""1d"": ""downtrend""}",approved,,✓ ScoreInst=1 ScoreEstrut=58; ✓ Conf=80% Qual=1; ✓ RR TP1=2.50 TP2=3.75; ✓ Smart Money: 3/4+ confirmações; ✓ Regime=trending_up MTF alinhado; ✓ RVOL=0.8x Volume=True,,,,,
2026-07-06T09:53:20.410885+00:00,ETHUSDT,1h,short,3623.606,3641.5539,3578.7363,3556.3015,0.0,95.7958970490781,0.0,0.7457,3578.1534,3565.3047,3552.2202,0,1,0,1,1,0.4,0.4,0.7398,57.709999999999994,0.7981,0.7398,prata,trending_up,trending_up,0.0,"{""5m"": ""downtrend"", ""15m"": ""uptrend"", ""1h"": ""downtrend"", ""4h"": ""ranging"", ""1d"": ""downtrend""}",approved,,✓ ScoreInst=1 ScoreEstrut=58; ✓ Conf=80% Qual=1; ✓ RR TP1=2.50 TP2=3.75; ✓ Smart Money: 3/4+ confirmações; ✓ Regime=trending_up MTF alinhado; ✓ RVOL=0.7x Volume=True,,,,,
2026-07-06T09:53:20.413309+00:00,ETHUSDT,4h,short,3482.5816,3500.5294,3446.6858,3428.7379,0.0,100.0,0.0,1.2942,3437.54,3432.7581,3437.8036,0,0,0,1,1,0.4,0.4,0.609,45.15,0.5801,0.609,prata,trending_up,trending_up,0.0,"{""5m"": ""downtrend"", ""15m"": ""uptrend"", ""1h"": ""downtrend"", ""4h"": ""ranging"", ""1d"": ""downtrend""}",rejected,"[SMART MONEY] Apenas 2 confirmações (mínimo 3): order_block, fvg, fvg, fvg, fvg, fvg, fvg, fvg, fvg, fvg, fvg, fvg, fvg, fvg, fvg, fvg, fvg, fvg, fvg, fvg, fvg, fvg, fvg, fvg, fvg, fvg, fvg, fvg, fvg, fvg, fvg, fvg, fvg, fvg, fvg, fvg, fvg, fvg, fvg, fvg, fvg, fvg, fvg, fvg, fvg, fvg, fvg, fvg, fvg, fvg, fvg, fvg, fvg, fvg, fvg, fvg, fvg, fvg, fvg, fvg, fvg, fvg, fvg, fvg, fvg, fvg, fvg, fvg, fvg, fvg, fvg, fvg, fvg, fvg, fvg, fvg, fvg, fvg, fvg, fvg, fvg, fvg, fvg, fvg, fvg, fvg, fvg, fvg, fvg, fvg, fvg, fvg, fvg, fvg, fvg, fvg, fvg, fvg, fvg, fvg, fvg, fvg, fvg, fvg, fvg, fvg, fvg, fvg, fvg, fvg, fvg, fvg, fvg, fvg, fvg, fvg, fvg, fvg, fvg, fvg, fvg, fvg, fvg, fvg, fvg, fvg, fvg, fvg, fvg, fvg, fvg, fvg, fvg, fvg, fvg, fvg, fvg, fvg, fvg, fvg, fvg, fvg, fvg, fvg, fvg, fvg, fvg, fvg; [CONFIANÇA] 0.58 < 0.75; [QUALIDADE] 0.61 < 0.70; [SCORE INST] 0.61 < 0.70; [SCORE ESTRUT] 45.1 < 50",,,,,,
2026-07-06T09:53:20.467541+00:00,SOLUSDT,5m,long,144.8478,144.2056,146.4534,147.2562,0.0,80.98739137086332,0.0,1.7728,147.0775,147.4918,147.4527,1,1,1,1,1,0.4,0.4,0.8018,78.58000000000001,0.9057,0.8018,ouro,ranging,ranging,0.0,"{""5m"": ""downtrend"", ""15m"": ""uptrend"", ""1h"": ""uptrend"", ""4h"": ""ranging"", ""1d"": ""uptrend""}",approved,,✓ ScoreInst=1 ScoreEstrut=79; ✓ Conf=91% Qual=1; ✓ RR TP1=2.50 TP2=3.75; ✓ Smart Money: 5/4+ confirmações; ✓ Regime=ranging MTF alinhado; ✓ RVOL=1.8x Volume=True,,,,,
2026-07-06T09:53:20.471078+00:00,SOLUSDT,1d,short,152.6584,153.3007,151.0529,150.2501,0.0,100.0,0.0,0.9353,149.3735,147.3411,146.6773,1,1,0,1,1,0.4,0.4,0.7333,68.95,0.8253,0.7333,prata,ranging,ranging,0.0,"{""5m"": ""downtrend"", ""15m"": ""uptrend"", ""1h"": ""uptrend"", ""4h"": ""ranging"", ""1d"": ""uptrend""}",approved,,✓ ScoreInst=1 ScoreEstrut=69; ✓ Conf=83% Qual=1; ✓ RR TP1=2.50 TP2=3.75; ✓ Smart Money: 4/4+ confirmações; ✓ Regime=ranging MTF alinhado; ✓ RVOL=0.9x Volume=True,,,,,
2026-07-06T09:53:20.473762+00:00,SOLUSDT,15m,short,150.086,150.7282,148.4804,147.6776,0.0,66.50956655913245,0.0,1.0224,148.0858,146.4525,145.7603,0,1,1,1,1,0.2181,0.2181,0.7201,63.629999999999995,0.8258,0.7201,prata,ranging,ranging,0.0,"{""5m"": ""downtrend"", ""15m"": ""uptrend"", ""1h"": ""uptrend"", ""4h"": ""ranging"", ""1d"": ""uptrend""}",approved,,✓ ScoreInst=1 ScoreEstrut=64; ✓ Conf=83% Qual=1; ✓ RR TP1=2.50 TP2=3.75; ✓ Smart Money: 4/4+ confirmações; ✓ Regime=ranging MTF alinhado; ✓ RVOL=1.0x Volume=True,,,,,
2026-07-06T09:53:20.477930+00:00,SOLUSDT,1h,long,145.2672,144.625,146.5517,147.1939,0.0,60.300695695627404,0.0,0.5802,145.2016,144.7763,144.929,0,1,1,0,1,0.4,0.4,0.6865,60.99,0.788,0.6865,prata,ranging,ranging,0.0,"{""5m"": ""downtrend"", ""15m"": ""uptrend"", ""1h"": ""uptrend"", ""4h"": ""ranging"", ""1d"": ""uptrend""}",rejected,[QUALIDADE] 0.69 < 0.70; [SCORE INST] 0.69 < 0.70; [REGIME] Mercado ranging — não operar,,,,,,
2026-07-06T09:53:25.276144+00:00,ETHUSDT,15m,long,3548.882,3530.9342,3602.7257,3629.6475,0.0,22.049000469648217,0.0,1.2246,3508.402,3463.4873,3461.0737,1,1,1,1,1,0.4,0.4,0.8707,77.31,0.9956,0.8707,ouro,trending_up,trending_up,0.0,"{""5m"": ""downtrend"", ""15m"": ""uptrend"", ""1h"": ""downtrend"", ""4h"": ""ranging"", ""1d"": ""downtrend""}",approved,,✓ ScoreInst=1 ScoreEstrut=77; ✓ Conf=100% Qual=1; ✓ RR TP1=3.00 TP2=4.50; ✓ Smart Money: 5/4+ confirmações; ✓ Regime=trending_up MTF alinhado; ✓ RVOL=1.2x Volume=True,,,,,
2026-07-06T09:53:25.278650+00:00,SOLUSDT,5m,long,144.8478,144.2056,146.4534,147.2562,0.0,80.98739137086332,0.0,1.7728,147.0775,147.4918,147.4527,1,1,1,1,1,0.4,0.4,0.8018,78.58000000000001,0.9057,0.8018,ouro,ranging,ranging,0.0,"{""5m"": ""downtrend"", ""15m"": ""uptrend"", ""1h"": ""uptrend"", ""4h"": ""ranging"", ""1d"": ""uptrend""}",approved,,✓ ScoreInst=1 ScoreEstrut=79; ✓ Conf=91% Qual=1; ✓ RR TP1=2.50 TP2=3.75; ✓ Smart Money: 5/4+ confirmações; ✓ Regime=ranging MTF alinhado; ✓ RVOL=1.8x Volume=True,,,,,
2026-07-06T09:54:20.749598+00:00,BTCUSDT,15m,short,67003.6472,67253.1062,66504.7291,66255.27,0.0,100.0,0.0,2.2124,67830.6313,67683.2949,67347.7299,0,1,0,1,1,0.4,0.4,0.6643,54.06999999999999,0.708,0.6643,prata,ranging,ranging,0.0,"{""5m"": ""uptrend"", ""15m"": ""uptrend"", ""1h"": ""uptrend"", ""4h"": ""uptrend"", ""1d"": ""uptrend""}",rejected,[CONFIANÇA] 0.71 < 0.75; [QUALIDADE] 0.66 < 0.70; [SCORE INST] 0.66 < 0.70; [REGIME] Mercado ranging — não operar,,,,,,
2026-07-06T09:54:20.753070+00:00,BTCUSDT,4h,long,64212.696,63963.2369,64711.6141,64961.0731,0.0,64.38373803613231,0.0,1.6113,63669.3207,63682.4969,63827.832,0,1,0,1,1,0.4,0.4,0.6481,53.11,0.708,0.6481,prata,ranging,ranging,0.0,"{""5m"": ""uptrend"", ""15m"": ""uptrend"", ""1h"": ""uptrend"", ""4h"": ""uptrend"", ""1d"": ""uptrend""}",rejected,[RR] TP1 2.00 < mínimo 2.0:1; [CONFIANÇA] 0.71 < 0.75; [QUALIDADE] 0.65 < 0.70; [SCORE INST] 0.65 < 0.70; [REGIME] Mercado ranging — não operar,,,,,,
2026-07-06T09:54:20.757205+00:00,BTCUSDT,1d,short,67699.4274,67948.8864,67200.5093,66951.0502,0.0,21.532160885521844,0.0,1.8361,67748.8658,66840.6527,66623.0063,0,1,0,1,1,0.4,0.4,0.6439,53.52,0.708,0.6439,prata,ranging,ranging,0.0,"{""5m"": ""uptrend"", ""15m"": ""uptrend"", ""1h"": ""uptrend"", ""4h"": ""uptrend"", ""1d"": ""uptrend""}",rejected,[CONFIANÇA] 0.71 < 0.75; [QUALIDADE] 0.64 < 0.70; [SCORE INST] 0.64 < 0.70; [REGIME] Mercado ranging — não operar,,,,,,
2026-07-06T09:54:20.759645+00:00,BTCUSDT,5m,short,66790.1628,67039.6218,66291.2447,66041.7856,0.0,21.276521593098845,0.0,1.6438,67212.9729,66587.2026,66421.9451,0,1,0,1,1,0.4,0.4,0.6364,52.15,0.7078,0.6364,prata,ranging,ranging,0.0,"{""5m"": ""uptrend"", ""15m"": ""uptrend"", ""1h"": ""uptrend"", ""4h"": ""uptrend"", ""1d"": ""uptrend""}",rejected,[CONFIANÇA] 0.71 < 0.75; [QUALIDADE] 0.64 < 0.70; [SCORE INST] 0.64 < 0.70; [REGIME] Mercado ranging — não operar,,,,,,
2026-07-06T09:54:20.762076+00:00,BTCUSDT,1h,short,66689.1338,66938.5929,66190.2157,65940.7566,0.0,29.80032977914574,0.0,0.5237,67033.1498,66641.4697,66487.3954,0,1,0,0,1,0.4,0.4,0.5984,50.86000000000001,0.6702,0.5984,bronze,ranging,ranging,0.0,"{""5m"": ""uptrend"", ""15m"": ""uptrend"", ""1h"": ""uptrend"", ""4h"": ""uptrend"", ""1d"": ""uptrend""}",rejected,"[SMART MONEY] Apenas 2 confirmações (mínimo 3): choch, fvg, fvg, fvg, fvg, fvg, fvg, fvg, fvg, fvg, fvg, fvg, fvg, fvg, fvg, fvg, fvg, fvg, fvg, fvg, fvg, fvg, fvg, fvg, fvg, fvg, fvg, fvg, fvg, fvg, fvg, fvg, fvg, fvg, fvg, fvg, fvg, fvg, fvg, fvg, fvg, fvg, fvg, fvg, fvg, fvg, fvg, fvg, fvg, fvg, fvg, fvg, fvg, fvg, fvg, fvg, fvg, fvg, fvg, fvg, fvg, fvg, fvg, fvg, fvg, fvg, fvg, fvg, fvg, fvg, fvg, fvg, fvg, fvg, fvg, fvg, fvg, fvg, fvg, fvg, fvg, fvg, fvg, fvg, fvg, fvg, fvg, fvg, fvg, fvg, fvg, fvg, fvg, fvg, fvg, fvg, fvg, fvg, fvg, fvg, fvg, fvg, fvg, fvg, fvg, fvg, fvg, fvg, fvg, fvg, fvg, fvg, fvg, fvg, fvg, fvg, fvg, fvg, fvg, fvg, fvg, fvg, fvg, fvg, fvg, fvg, fvg, fvg, fvg, fvg, fvg, fvg, fvg, fvg, fvg, fvg, fvg, fvg, fvg, fvg, fvg, fvg, fvg, fvg, fvg, fvg, fvg, fvg, fvg; [RR] TP1 2.00 < mínimo 2.0:1; [CONFIANÇA] 0.67 < 0.75; [QUALIDADE] 0.60 < 0.70; [SCORE INST] 0.60 < 0.70; [REGIME] Mercado ranging — não operar",,,,,,
2026-07-06T09:54:20.823031+00:00,ETHUSDT,1h,long,3549.1975,3533.2424,3589.0852,3609.029,0.0,100.0,0.0,0.3168,3629.735,3643.8932,3633.683,1,1,0,1,1,0.4,0.4,0.8103,69.02000000000001,0.9152,0.8103,ouro,trending_down,trending_down,0.0,"{""5m"": ""ranging"", ""15m"": ""ranging"", ""1h"": ""downtrend"", ""4h"": ""downtrend"", ""1d"": ""uptrend""}",rejected,[RVOL] 0.3x < mínimo 0.5x,,,,,,
2026-07-06T09:54:20.826016+00:00,ETHUSDT,4h,short,3495.073,3511.028,3455.1853,3435.2414,0.0,100.0,0.0,0.4972,3550.1236,3563.7584,3565.7652,0,1,0,1,1,0.4,0.4,0.7332,58.69,0.7979,0.7332,prata,trending_down,trending_down,0.0,"{""5m"": ""ranging"", ""15m"": ""ranging"", ""1h"": ""downtrend"", ""4h"": ""downtrend"", ""1d"": ""uptrend""}",rejected,[RVOL] 0.5x < mínimo 0.5x,,,,,,
2026-07-06T09:54:20.828750+00:00,ETHUSDT,1d,long,3486.2836,3470.3285,3526.1713,3546.1151,0.0,57.80862894160964,0.0,0.3584,3486.7056,3476.2495,3480.4225,0,1,0,1,1,0.4,0.4,0.7088,48.65,0.798,0.7088,prata,trending_down,trending_down,0.0,"{""5m"": ""ranging"", ""15m"": ""ranging"", ""1h"": ""downtrend"", ""4h"": ""downtrend"", ""1d"": ""uptrend""}",rejected,[SCORE ESTRUT] 48.6 < 50; [RVOL] 0.4x < mínimo 0.5x,,,,,,
2026-07-06T09:54:20.831150+00:00,ETHUSDT,15m,short,3558.847,3574.8021,3526.9368,3510.9818,0.0,53.790461262298905,0.0,1.518,3513.7056,3473.0228,3464.218,0,0,1,1,1,0.4,0.4,0.6954,69.77,0.6982,0.6954,prata,trending_down,trending_down,0.0,"{""5m"": ""ranging"", ""15m"": ""ranging"", ""1h"": ""downtrend"", ""4h"": ""downtrend"", ""1d"": ""uptrend""}",rejected,[CONFIANÇA] 0.70 < 0.75; [QUALIDADE] 0.70 < 0.70; [SCORE INST] 0.70 < 0.70,,,,,,
2026-07-06T09:54:20.833798+00:00,ETHUSDT,5m,long,3554.3873,3538.4322,3586.2974,3602.2525,0.0,100.0,0.0,1.9288,3583.9515,3591.4124,3583.6641,0,0,0,0,1,0.4,0.4,0.5905,41.75,0.5425,0.5905,bronze,trending_down,trending_down,0.0,"{""5m"": ""ranging"", ""15m"": ""ranging"", ""1h"": ""downtrend"", ""4h"": ""downtrend"", ""1d"": ""uptrend""}",rejected,"[SMART MONEY] Apenas 1 confirmações (mínimo 3): fvg, fvg, fvg, fvg, fvg, fvg, fvg, fvg, fvg, fvg, fvg, fvg, fvg, fvg, fvg, fvg, fvg, fvg, fvg, fvg, fvg, fvg, fvg, fvg, fvg, fvg, fvg, fvg, fvg, fvg, fvg, fvg, fvg, fvg, fvg, fvg, fvg, fvg, fvg, fvg, fvg, fvg, fvg, fvg, fvg, fvg, fvg, fvg, fvg, fvg, fvg, fvg, fvg, fvg, fvg, fvg, fvg, fvg, fvg, fvg, fvg, fvg, fvg, fvg, fvg, fvg, fvg, fvg, fvg, fvg, fvg, fvg, fvg, fvg, fvg, fvg, fvg, fvg, fvg, fvg, fvg, fvg, fvg, fvg, fvg, fvg, fvg, fvg, fvg, fvg, fvg, fvg, fvg, fvg, fvg, fvg, fvg, fvg, fvg, fvg, fvg, fvg, fvg, fvg, fvg, fvg, fvg, fvg, fvg, fvg, fvg, fvg, fvg, fvg, fvg, fvg, fvg, fvg, fvg, fvg, fvg, fvg, fvg, fvg, fvg, fvg, fvg, fvg, fvg, fvg, fvg, fvg, fvg, fvg, fvg, fvg, fvg, fvg, fvg, fvg, fvg, fvg, fvg, fvg, fvg, fvg; [RR] TP1 2.00 < mínimo 2.0:1; [CONFIANÇA] 0.54 < 0.75; [QUALIDADE] 0.59 < 0.70; [SCORE INST] 0.59 < 0.70; [SCORE ESTRUT] 41.8 < 50",,,,,,
2026-07-06T09:54:20.896761+00:00,SOLUSDT,1d,short,152.6211,153.4012,150.6708,149.6957,0.0,67.6669801134055,0.0,0.7006,149.3004,147.226,146.5258,1,1,0,1,1,0.4,0.4,0.8167,69.05,0.9155,0.8167,ouro,trending_up,trending_up,0.0,"{""5m"": ""uptrend"", ""15m"": ""ranging"", ""1h"": ""uptrend"", ""4h"": ""uptrend"", ""1d"": ""uptrend""}",approved,,✓ ScoreInst=1 ScoreEstrut=69; ✓ Conf=92% Qual=1; ✓ RR TP1=2.50 TP2=3.75; ✓ Smart Money: 4/4+ confirmações; ✓ Regime=trending_up MTF alinhado; ✓ RVOL=0.7x Volume=True,,,,,
2026-07-06T09:54:20.899791+00:00,SOLUSDT,1h,long,147.7966,147.0165,149.7469,150.722,0.0,57.12057106116685,0.0,1.1183,146.3697,144.8474,144.8119,0,1,0,1,1,0.4,0.4,0.7417,56.67,0.7979,0.7417,prata,trending_up,trending_up,0.0,"{""5m"": ""uptrend"", ""15m"": ""ranging"", ""1h"": ""uptrend"", ""4h"": ""uptrend"", ""1d"": ""uptrend""}",approved,,✓ ScoreInst=1 ScoreEstrut=57; ✓ Conf=80% Qual=1; ✓ RR TP1=2.50 TP2=3.75; ✓ Smart Money: 3/4+ confirmações; ✓ Regime=trending_up MTF alinhado; ✓ RVOL=1.1x Volume=True,,,,,
2026-07-06T09:54:20.902442+00:00,SOLUSDT,5m,short,150.9443,151.7244,148.994,148.0188,0.0,100.0,0.0,0.5906,152.6277,151.0658,150.4267,0,1,0,1,1,0.2922,0.2922,0.7304,49.3,0.7978,0.7304,prata,trending_up,trending_up,0.0,"{""5m"": ""uptrend"", ""15m"": ""ranging"", ""1h"": ""uptrend"", ""4h"": ""uptrend"", ""1d"": ""uptrend""}",rejected,[SCORE ESTRUT] 49.3 < 50,,,,,,
2026-07-06T09:54:20.906050+00:00,SOLUSDT,4h,short,148.7787,149.5589,146.8285,145.8533,0.0,93.72336908642723,0.0,1.0282,150.1098,148.392,147.9473,0,1,0,0,1,0.3083,0.3083,0.7153,49.87,0.7602,0.7153,prata,trending_up,trending_up,0.0,"{""5m"": ""uptrend"", ""15m"": ""ranging"", ""1h"": ""uptrend"", ""4h"": ""uptrend"", ""1d"": ""uptrend""}",rejected,"[SMART MONEY] Apenas 2 confirmações (mínimo 3): choch, fvg, fvg, fvg, fvg, fvg, fvg, fvg, fvg, fvg, fvg, fvg, fvg, fvg, fvg, fvg, fvg, fvg, fvg, fvg, fvg, fvg, fvg, fvg, fvg, fvg, fvg, fvg, fvg, fvg, fvg, fvg, fvg, fvg, fvg, fvg, fvg, fvg, fvg, fvg, fvg, fvg, fvg, fvg, fvg, fvg, fvg, fvg, fvg, fvg, fvg, fvg, fvg, fvg, fvg, fvg, fvg, fvg, fvg, fvg, fvg, fvg, fvg, fvg, fvg, fvg, fvg, fvg, fvg, fvg, fvg, fvg, fvg, fvg, fvg, fvg, fvg, fvg, fvg, fvg, fvg, fvg, fvg, fvg, fvg, fvg, fvg, fvg, fvg, fvg, fvg, fvg, fvg, fvg, fvg, fvg, fvg, fvg, fvg, fvg, fvg, fvg, fvg, fvg, fvg, fvg, fvg, fvg, fvg, fvg, fvg, fvg, fvg, fvg, fvg, fvg, fvg, fvg, fvg, fvg, fvg, fvg, fvg, fvg, fvg, fvg, fvg, fvg, fvg, fvg, fvg, fvg, fvg, fvg, fvg, fvg, fvg, fvg, fvg, fvg, fvg, fvg, fvg, fvg, fvg, fvg, fvg, fvg, fvg, fvg, fvg, fvg; [SCORE ESTRUT] 49.9 < 50",,,,,,
2026-07-06T09:54:20.908742+00:00,SOLUSDT,15m,short,142.0708,142.8509,140.5105,139.7304,0.0,100.0,0.0,0.8859,140.2756,139.5882,140.0785,0,0,0,1,1,0.4,0.4,0.6051,45.46,0.5801,0.6051,prata,trending_up,trending_up,0.0,"{""5m"": ""uptrend"", ""15m"": ""ranging"", ""1h"": ""uptrend"", ""4h"": ""uptrend"", ""1d"": ""uptrend""}",rejected,"[SMART MONEY] Apenas 2 confirmações (mínimo 3): order_block, fvg, fvg, fvg, fvg, fvg, fvg, fvg, fvg, fvg, fvg, fvg, fvg, fvg, fvg, fvg, fvg, fvg, fvg, fvg, fvg, fvg, fvg, fvg, fvg, fvg, fvg, fvg, fvg, fvg, fvg, fvg, fvg, fvg, fvg, fvg, fvg, fvg, fvg, fvg, fvg, fvg, fvg, fvg, fvg, fvg, fvg, fvg, fvg, fvg, fvg, fvg, fvg, fvg, fvg, fvg, fvg, fvg, fvg, fvg, fvg, fvg, fvg, fvg, fvg, fvg, fvg, fvg, fvg, fvg, fvg, fvg, fvg, fvg, fvg, fvg, fvg, fvg, fvg, fvg, fvg, fvg, fvg, fvg, fvg, fvg, fvg, fvg, fvg, fvg, fvg, fvg, fvg, fvg, fvg, fvg, fvg, fvg, fvg, fvg, fvg, fvg, fvg, fvg, fvg, fvg, fvg, fvg, fvg, fvg, fvg, fvg, fvg, fvg, fvg, fvg, fvg, fvg, fvg, fvg, fvg, fvg, fvg, fvg, fvg, fvg, fvg, fvg, fvg, fvg, fvg, fvg, fvg, fvg, fvg, fvg, fvg, fvg, fvg, fvg, fvg, fvg, fvg, fvg, fvg, fvg, fvg, fvg, fvg, fvg, fvg; [CONFIANÇA] 0.58 < 0.75; [QUALIDADE] 0.61 < 0.70; [SCORE INST] 0.61 < 0.70; [SCORE ESTRUT] 45.5 < 50",,,,,,
2026-07-06T09:54:25.508821+00:00,SOLUSDT,1d,short,152.6211,153.4012,150.6708,149.6957,0.0,67.6669801134055,0.0,0.7006,149.3004,147.226,146.5258,1,1,0,1,1,0.4,0.4,0.8167,69.05,0.9155,0.8167,ouro,trending_up,trending_up,0.0,"{""5m"": ""uptrend"", ""15m"": ""ranging"", ""1h"": ""uptrend"", ""4h"": ""uptrend"", ""1d"": ""uptrend""}",approved,,✓ ScoreInst=1 ScoreEstrut=69; ✓ Conf=92% Qual=1; ✓ RR TP1=2.50 TP2=3.75; ✓ Smart Money: 4/4+ confirmações; ✓ Regime=trending_up MTF alinhado; ✓ RVOL=0.7x Volume=True,,,,,
2026-07-06T09:54:25.511504+00:00,ETHUSDT,1h,long,3549.1975,3533.2424,3589.0852,3609.029,0.0,100.0,0.0,0.3168,3629.735,3643.8932,3633.683,1,1,0,1,1,0.4,0.4,0.8103,69.02000000000001,0.9152,0.8103,ouro,trending_down,trending_down,0.0,"{""5m"": ""ranging"", ""15m"": ""ranging"", ""1h"": ""downtrend"", ""4h"": ""downtrend"", ""1d"": ""uptrend""}",rejected,[RVOL] 0.3x < mínimo 0.5x,,,,,,
2026-07-06T09:54:39.759008+00:00,BTCUSDT,1d,short,65866.425,66145.8359,65167.8977,64818.6341,0.0,100.0,0.0,1.35,66811.1234,66343.3456,66245.6364,0,1,1,1,1,0.4,0.4,0.7433,66.97,0.8257,0.7433,prata,ranging,ranging,0.0,"{""5m"": ""uptrend"", ""15m"": ""uptrend"", ""1h"": ""uptrend"", ""4h"": ""ranging"", ""1d"": ""uptrend""}",approved,,✓ ScoreInst=1 ScoreEstrut=67; ✓ Conf=83% Qual=1; ✓ RR TP1=2.50 TP2=3.75; ✓ Smart Money: 4/4+ confirmações; ✓ Regime=ranging MTF alinhado; ✓ RVOL=1.4x Volume=True,,,,,
2026-07-06T09:54:39.773266+00:00,BTCUSDT,5m,short,66725.0011,67004.412,66026.4738,65677.2102,0.0,100.0,0.0,1.0399,65408.7803,64700.5716,64584.6149,1,1,0,1,1,0.4,0.4,0.739,68.30000000000001,0.8252,0.739,prata,ranging,ranging,0.0,"{""5m"": ""uptrend"", ""15m"": ""uptrend"", ""1h"": ""uptrend"", ""4h"": ""ranging"", ""1d"": ""uptrend""}",approved,,✓ ScoreInst=1 ScoreEstrut=68; ✓ Conf=83% Qual=1; ✓ RR TP1=2.50 TP2=3.75; ✓ Smart Money: 4/4+ confirmações; ✓ Regime=ranging MTF alinhado; ✓ RVOL=1.0x Volume=True,,,,,
2026-07-06T09:54:39.778173+00:00,BTCUSDT,15m,short,67375.8793,67655.2902,66677.3521,66328.0884,0.0,18.028381040964454,0.0,1.4652,66843.6632,66152.7774,65926.2131,0,1,1,1,1,0.4,0.4,0.7285,68.06,0.8257,0.7285,prata,ranging,ranging,0.0,"{""5m"": ""uptrend"", ""15m"": ""uptrend"", ""1h"": ""uptrend"", ""4h"": ""ranging"", ""1d"": ""uptrend""}",approved,,✓ ScoreInst=1 ScoreEstrut=68; ✓ Conf=83% Qual=1; ✓ RR TP1=2.50 TP2=3.75; ✓ Smart Money: 4/4+ confirmações; ✓ Regime=ranging MTF alinhado; ✓ RVOL=1.5x Volume=True,,,,,
2026-07-06T09:54:39.783145+00:00,BTCUSDT,1h,short,65813.8856,66093.2965,65255.0638,64975.6529,0.0,80.90091213489237,0.0,1.1028,66390.6771,66095.8446,66104.791,0,1,0,1,1,0.4,0.4,0.6454,52.59,0.7079,0.6454,prata,ranging,ranging,0.0,"{""5m"": ""uptrend"", ""15m"": ""uptrend"", ""1h"": ""uptrend"", ""4h"": ""ranging"", ""1d"": ""uptrend""}",rejected,[CONFIANÇA] 0.71 < 0.75; [QUALIDADE] 0.65 < 0.70; [SCORE INST] 0.65 < 0.70; [REGIME] Mercado ranging — não operar,,,,,,
2026-07-06T09:54:39.860421+00:00,ETHUSDT,1h,long,3542.4214,3521.8789,3593.7778,3619.456,0.0,100.0,0.0,1.2069,3461.9611,3443.7935,3441.7541,1,1,0,1,1,0.4,0.4,0.835,69.39,0.9152,0.835,ouro,trending_up,trending_up,0.0,"{""5m"": ""uptrend"", ""15m"": ""uptrend"", ""1h"": ""uptrend"", ""4h"": ""uptrend"", ""1d"": ""uptrend""}",approved,,✓ ScoreInst=1 ScoreEstrut=69; ✓ Conf=92% Qual=1; ✓ RR TP1=2.50 TP2=3.75; ✓ Smart Money: 4/4+ confirmações; ✓ Regime=trending_up MTF alinhado; ✓ RVOL=1.2x Volume=True,,,,,
2026-07-06T09:54:39.866935+00:00,ETHUSDT,1d,short,3658.7057,3679.2483,3607.3494,3581.6712,0.0,82.60196022343497,0.0,0.6484,3682.0915,3603.6205,3590.106,0,1,1,1,1,0.453,0.453,0.8239,69.36,0.9163,0.8239,ouro,trending_up,trending_up,0.0,"{""5m"": ""uptrend"", ""15m"": ""uptrend"", ""1h"": ""uptrend"", ""4h"": ""uptrend"", ""1d"": ""uptrend""}",approved,,✓ ScoreInst=1 ScoreEstrut=69; ✓ Conf=92% Qual=1; ✓ RR TP1=2.50 TP2=3.75; ✓ Smart Money: 4/4+ confirmações; ✓ Regime=trending_up MTF alinhado; ✓ RVOL=0.6x Volume=True,,,,,
2026-07-06T09:54:39.873653+00:00,ETHUSDT,5m,short,3708.4222,3728.9648,3657.0659,3631.3877,0.0,6.798949809954371,0.0,1.268,3667.8389,3592.5476,3572.905,0,1,1,1,1,0.4209,0.4209,0.8203,69.88,0.9159,0.8203,ouro,trending_up,trending_up,0.0,"{""5m"": ""uptrend"", ""15m"": ""uptrend"", ""1h"": ""uptrend"", ""4h"": ""uptrend"", ""1d"": ""uptrend""}",approved,,✓ ScoreInst=1 ScoreEstrut=70; ✓ Conf=92% Qual=1; ✓ RR TP1=2.50 TP2=3.75; ✓ Smart Money: 4/4+ confirmações; ✓ Regime=trending_up MTF alinhado; ✓ RVOL=1.3x Volume=True,,,,,
2026-07-06T09:54:39.876932+00:00,ETHUSDT,4h,short,3686.5008,3707.0433,3635.1444,3609.4662,0.0,89.45239600090676,0.0,0.5809,3600.2612,3520.5641,3505.5989,1,1,0,1,1,0.3523,0.3523,0.8179,67.97,0.9152,0.8179,ouro,trending_up,trending_up,0.0,"{""5m"": ""uptrend"", ""15m"": ""uptrend"", ""1h"": ""uptrend"", ""4h"": ""uptrend"", ""1d"": ""uptrend""}",approved,,✓ ScoreInst=1 ScoreEstrut=68; ✓ Conf=92% Qual=1; ✓ RR TP1=2.50 TP2=3.75; ✓ Smart Money: 4/4+ confirmações; ✓ Regime=trending_up MTF alinhado; ✓ RVOL=0.6x Volume=True,,,,,
2026-07-06T09:54:39.879454+00:00,ETHUSDT,15m,short,3630.2411,3650.7836,3578.8847,3553.2065,0.0,97.19983941547262,0.0,1.2301,3683.7032,3664.1834,3646.7929,0,1,0,1,1,0.2598,0.2598,0.741,49.769999999999996,0.798,0.741,prata,trending_up,trending_up,0.0,"{""5m"": ""uptrend"", ""15m"": ""uptrend"", ""1h"": ""uptrend"", ""4h"": ""uptrend"", ""1d"": ""uptrend""}",rejected,[SCORE ESTRUT] 49.8 < 50,,,,,,
2026-07-06T09:54:39.943867+00:00,SOLUSDT,1h,long,148.0087,147.2252,150.3594,151.5348,0.0,100.0,0.0,2.1654,145.2598,143.7229,143.4539,1,1,1,1,1,0.4,0.4,0.9119,79.89,0.9955,0.9119,ouro_supremo,trending_up,trending_up,0.0,"{""5m"": ""uptrend"", ""15m"": ""uptrend"", ""1h"": ""uptrend"", ""4h"": ""ranging"", ""1d"": ""uptrend""}",approved,,✓ ScoreInst=1 ScoreEstrut=80; ✓ Conf=100% Qual=1; ✓ RR TP1=3.00 TP2=4.50; ✓ Smart Money: 5/4+ confirmações; ✓ Regime=trending_up MTF alinhado; ✓ RVOL=2.2x Volume=True,,,,,
2026-07-06T09:54:39.949002+00:00,SOLUSDT,1d,long,146.6263,145.8428,148.5853,149.5647,0.0,100.0,0.0,0.6065,143.4422,141.48,141.5994,1,1,0,1,1,0.4,0.4,0.8289,69.03,0.9152,0.8289,ouro,trending_up,trending_up,0.0,"{""5m"": ""uptrend"", ""15m"": ""uptrend"", ""1h"": ""uptrend"", ""4h"": ""ranging"", ""1d"": ""uptrend""}",approved,,✓ ScoreInst=1 ScoreEstrut=69; ✓ Conf=92% Qual=1; ✓ RR TP1=2.50 TP2=3.75; ✓ Smart Money: 4/4+ confirmações; ✓ Regime=trending_up MTF alinhado; ✓ RVOL=0.6x Volume=True,,,,,
2026-07-06T09:54:39.951585+00:00,SOLUSDT,15m,short,148.9747,149.7583,147.0158,146.0363,0.0,47.87067219570335,0.0,1.0258,146.8409,144.8534,144.4851,1,1,0,1,1,0.4,0.4,0.8235,66.35,0.9154,0.8235,ouro,trending_up,trending_up,0.0,"{""5m"": ""uptrend"", ""15m"": ""uptrend"", ""1h"": ""uptrend"", ""4h"": ""ranging"", ""1d"": ""uptrend""}",approved,,✓ ScoreInst=1 ScoreEstrut=66; ✓ Conf=92% Qual=1; ✓ RR TP1=2.50 TP2=3.75; ✓ Smart Money: 4/4+ confirmações; ✓ Regime=trending_up MTF alinhado; ✓ RVOL=1.0x Volume=True,,,,,
2026-07-06T09:54:39.954400+00:00,SOLUSDT,5m,short,147.8352,148.6187,145.8762,144.8968,0.0,80.26452198664337,0.0,1.1686,146.5647,145.1616,145.1596,0,1,0,0,1,0.4,0.4,0.7307,56.28999999999999,0.7602,0.7307,prata,trending_up,trending_up,0.0,"{""5m"": ""uptrend"", ""15m"": ""uptrend"", ""1h"": ""uptrend"", ""4h"": ""ranging"", ""1d"": ""uptrend""}",rejected,"[SMART MONEY] Apenas 2 confirmações (mínimo 3): choch, fvg, fvg, fvg, fvg, fvg, fvg, fvg, fvg, fvg, fvg, fvg, fvg, fvg, fvg, fvg, fvg, fvg, fvg, fvg, fvg, fvg, fvg, fvg, fvg, fvg, fvg, fvg, fvg, fvg, fvg, fvg, fvg, fvg, fvg, fvg, fvg, fvg, fvg, fvg, fvg, fvg, fvg, fvg, fvg, fvg, fvg, fvg, fvg, fvg, fvg, fvg, fvg, fvg, fvg, fvg, fvg, fvg, fvg, fvg, fvg, fvg, fvg, fvg, fvg, fvg, fvg, fvg, fvg, fvg, fvg, fvg, fvg, fvg, fvg, fvg, fvg, fvg, fvg, fvg, fvg, fvg, fvg, fvg, fvg, fvg, fvg, fvg, fvg, fvg, fvg, fvg, fvg, fvg, fvg, fvg, fvg, fvg, fvg, fvg, fvg, fvg, fvg, fvg, fvg, fvg, fvg, fvg, fvg, fvg, fvg, fvg, fvg, fvg, fvg, fvg, fvg, fvg, fvg, fvg, fvg, fvg, fvg, fvg, fvg, fvg, fvg, fvg, fvg, fvg, fvg, fvg, fvg, fvg, fvg, fvg, fvg, fvg, fvg, fvg, fvg, fvg, fvg",,,,,,
2026-07-06T09:54:39.957192+00:00,SOLUSDT,4h,short,144.6591,145.4427,142.7002,141.7207,0.0,100.0,0.0,1.2855,141.9022,141.9662,141.9785,0,0,1,1,1,0.4,0.4,0.7042,60.06,0.698,0.7042,prata,trending_up,trending_up,0.0,"{""5m"": ""uptrend"", ""15m"": ""uptrend"", ""1h"": ""uptrend"", ""4h"": ""ranging"", ""1d"": ""uptrend""}",rejected,[CONFIANÇA] 0.70 < 0.75,,,,,,
2026-07-06T09:56:31.154375+00:00,BTCUSDT,1d,short,66599.8134,66879.3625,65900.9405,65551.5041,0.0,100.0,0.0,1.2691,65643.0557,64581.365,64454.2109,1,1,0,1,1,0.4,0.4,0.7439,66.36,0.8252,0.7439,prata,ranging,ranging,0.0,"{""5m"": ""reversal"", ""15m"": ""uptrend"", ""1h"": ""downtrend"", ""4h"": ""downtrend"", ""1d"": ""uptrend""}",approved,,✓ ScoreInst=1 ScoreEstrut=66; ✓ Conf=83% Qual=1; ✓ RR TP1=2.50 TP2=3.75; ✓ Smart Money: 4/4+ confirmações; ✓ Regime=ranging MTF alinhado; ✓ RVOL=1.3x Volume=True,,,,,
2026-07-06T09:56:31.188713+00:00,BTCUSDT,1h,short,65079.0632,65358.6123,64380.1903,64030.7539,0.0,45.62053987044178,0.0,1.7539,65396.4598,65470.7638,65403.073,0,1,1,0,1,0.4,0.4,0.7193,63.449999999999996,0.788,0.7193,prata,ranging,ranging,0.0,"{""5m"": ""reversal"", ""15m"": ""uptrend"", ""1h"": ""downtrend"", ""4h"": ""downtrend"", ""1d"": ""uptrend""}",approved,,✓ ScoreInst=1 ScoreEstrut=63; ✓ Conf=79% Qual=1; ✓ RR TP1=2.50 TP2=3.75; ✓ Smart Money: 3/4+ confirmações; ✓ Regime=ranging MTF alinhado; ✓ RVOL=1.8x Volume=True,,,,,
2026-07-06T09:56:31.194822+00:00,BTCUSDT,4h,short,65523.9065,65803.4557,64964.8082,64685.2591,0.0,43.41782282014277,0.0,0.6188,65480.8573,65229.3506,65083.7084,0,1,1,0,1,0.4,0.4,0.6944,62.62,0.7882,0.6944,prata,ranging,ranging,0.0,"{""5m"": ""reversal"", ""15m"": ""uptrend"", ""1h"": ""downtrend"", ""4h"": ""downtrend"", ""1d"": ""uptrend""}",rejected,[RR] TP1 2.00 < mínimo 2.0:1; [QUALIDADE] 0.69 < 0.70; [SCORE INST] 0.69 < 0.70; [REGIME] Mercado ranging — não operar,,,,,,
2026-07-06T09:56:31.207971+00:00,BTCUSDT,15m,short,66447.2349,66726.784,65888.1366,65608.5874,0.0,92.25077828970852,0.0,1.5843,66999.843,66166.5339,65966.2725,0,1,0,1,1,0.4,0.4,0.6635,53.449999999999996,0.708,0.6635,prata,ranging,ranging,0.0,"{""5m"": ""reversal"", ""15m"": ""uptrend"", ""1h"": ""downtrend"", ""4h"": ""downtrend"", ""1d"": ""uptrend""}",rejected,[CONFIANÇA] 0.71 < 0.75; [QUALIDADE] 0.66 < 0.70; [SCORE INST] 0.66 < 0.70; [REGIME] Mercado ranging — não operar,,,,,,
2026-07-06T09:56:31.211296+00:00,BTCUSDT,5m,short,65356.4219,65635.9711,64937.0982,64727.4363,0.0,100.0,0.0,0.5103,64093.9317,63903.0173,63970.9691,0,0,0,1,1,0.5,0.5,0.4895,51.65,0.4401,0.4895,bronze,ranging,ranging,0.0,"{""5m"": ""reversal"", ""15m"": ""uptrend"", ""1h"": ""downtrend"", ""4h"": ""downtrend"", ""1d"": ""uptrend""}",rejected,"[SMART MONEY] Apenas 2 confirmações (mínimo 3): order_block, fvg, fvg, fvg, fvg, fvg, fvg, fvg, fvg, fvg, fvg, fvg, fvg, fvg, fvg, fvg, fvg, fvg, fvg, fvg, fvg, fvg, fvg, fvg, fvg, fvg, fvg, fvg, fvg, fvg, fvg, fvg, fvg, fvg, fvg, fvg, fvg, fvg, fvg, fvg, fvg, fvg, fvg, fvg, fvg, fvg, fvg, fvg, fvg, fvg, fvg, fvg, fvg, fvg, fvg, fvg, fvg, fvg, fvg, fvg, fvg, fvg, fvg, fvg, fvg, fvg, fvg, fvg, fvg, fvg, fvg, fvg, fvg, fvg, fvg, fvg, fvg, fvg, fvg, fvg, fvg, fvg, fvg, fvg, fvg, fvg, fvg, fvg, fvg, fvg, fvg, fvg, fvg, fvg, fvg, fvg, fvg, fvg, fvg, fvg, fvg, fvg, fvg, fvg, fvg, fvg, fvg, fvg, fvg, fvg, fvg, fvg, fvg, fvg, fvg, fvg, fvg, fvg, fvg, fvg, fvg, fvg, fvg, fvg, fvg, fvg, fvg, fvg, fvg, fvg, fvg, fvg, fvg, fvg, fvg, fvg, fvg, fvg, fvg, fvg, fvg, fvg, fvg, fvg, fvg, fvg; [RR] TP1 1.50 < mínimo 2.0:1; [CONFIANÇA] 0.44 < 0.75; [QUALIDADE] 0.49 < 0.70; [SCORE INST] 0.49 < 0.70; [REGIME] Mercado ranging — não operar",,,,,,
2026-07-06T09:56:31.291612+00:00,ETHUSDT,1d,short,3613.4462,3633.9324,3562.2306,3536.6229,0.0,21.898746030913117,0.0,0.3901,3590.1038,3578.3745,3561.834,0,1,1,1,1,0.4,0.4,0.7974,67.36999999999999,0.9157,0.7974,ouro,trending_down,trending_down,0.0,"{""5m"": ""uptrend"", ""15m"": ""ranging"", ""1h"": ""ranging"", ""4h"": ""reversal"", ""1d"": ""uptrend""}",rejected,[RVOL] 0.4x < mínimo 0.5x,,,,,,
2026-07-06T09:56:31.293994+00:00,ETHUSDT,5m,long,3530.579,3510.0928,3581.7945,3607.4023,0.0,61.28357561066121,0.0,1.3107,3518.4939,3492.3187,3494.7274,0,1,0,1,1,0.4,0.4,0.7358,52.81,0.7981,0.7358,prata,trending_down,trending_down,0.0,"{""5m"": ""uptrend"", ""15m"": ""ranging"", ""1h"": ""ranging"", ""4h"": ""reversal"", ""1d"": ""uptrend""}",approved,,✓ ScoreInst=1 ScoreEstrut=53; ✓ Conf=80% Qual=1; ✓ RR TP1=2.50 TP2=3.75; ✓ Smart Money: 3/4+ confirmações; ✓ Regime=trending_down MTF alinhado; ✓ RVOL=1.3x Volume=True,,,,,
2026-07-06T09:56:31.299645+00:00,ETHUSDT,1h,short,3601.0232,3621.5094,3560.0508,3539.5646,0.0,100.0,0.0,0.8914,3663.8591,3653.8325,3634.7633,0,0,1,1,1,0.4,0.4,0.6849,57.269999999999996,0.6982,0.6849,prata,trending_down,trending_down,0.0,"{""5m"": ""uptrend"", ""15m"": ""ranging"", ""1h"": ""ranging"", ""4h"": ""reversal"", ""1d"": ""uptrend""}",rejected,[CONFIANÇA] 0.70 < 0.75; [QUALIDADE] 0.68 < 0.70; [SCORE INST] 0.68 < 0.70,,,,,,
2026-07-06T09:56:31.305575+00:00,ETHUSDT,4h,short,3630.8994,3651.3857,3589.927,3569.4408,0.0,69.56669012011577,0.0,1.6544,3633.2083,3601.4665,3591.2522,0,0,1,1,1,0.5,0.5,0.6609,55.60000000000001,0.6479,0.6609,prata,trending_down,trending_down,0.0,"{""5m"": ""uptrend"", ""15m"": ""ranging"", ""1h"": ""ranging"", ""4h"": ""reversal"", ""1d"": ""uptrend""}",rejected,[RR] TP1 2.00 < mínimo 2.0:1; [CONFIANÇA] 0.65 < 0.75; [QUALIDADE] 0.66 < 0.70; [SCORE INST] 0.66 < 0.70,,,,,,
2026-07-06T09:56:31.397272+00:00,SOLUSDT,15m,short,145.9677,146.7278,143.6871,142.5468,0.0,29.186903569174877,0.0,1.8504,144.2329,143.844,143.9233,1,1,1,1,1,0.4,0.4,0.8769,77.2,0.9957,0.8769,ouro,trending_up,trending_up,0.0,"{""5m"": ""ranging"", ""15m"": ""uptrend"", ""1h"": ""reversal"", ""4h"": ""uptrend"", ""1d"": ""downtrend""}",approved,,✓ ScoreInst=1 ScoreEstrut=77; ✓ Conf=100% Qual=1; ✓ RR TP1=3.00 TP2=4.50; ✓ Smart Money: 5/4+ confirmações; ✓ Regime=trending_up MTF alinhado; ✓ RVOL=1.9x Volume=True,,,,,
2026-07-06T09:56:31.400980+00:00,SOLUSDT,4h,short,151.3768,152.137,149.4763,148.5261,0.0,100.0,0.0,0.3607,153.9331,152.0637,151.393,0,1,0,1,1,0.4,0.4,0.7244,53.86,0.798,0.7244,prata,trending_up,trending_up,0.0,"{""5m"": ""ranging"", ""15m"": ""uptrend"", ""1h"": ""reversal"", ""4h"": ""uptrend"", ""1d"": ""downtrend""}",rejected,[RVOL] 0.4x < mínimo 0.5x,,,,,,
2026-07-06T09:56:31.403521+00:00,SOLUSDT,5m,short,152.0871,152.8473,150.5667,149.8066,0.0,100.0,0.0,1.5681,153.979,152.4417,151.2804,0,0,0,1,1,0.4,0.4,0.6057,42.17,0.5801,0.6057,prata,trending_up,trending_up,0.0,"{""5m"": ""ranging"", ""15m"": ""uptrend"", ""1h"": ""reversal"", ""4h"": ""uptrend"", ""1d"": ""downtrend""}",rejected,"[SMART MONEY] Apenas 2 confirmações (mínimo 3): order_block, fvg, fvg, fvg, fvg, fvg, fvg, fvg, fvg, fvg, fvg, fvg, fvg, fvg, fvg, fvg, fvg, fvg, fvg, fvg, fvg, fvg, fvg, fvg, fvg, fvg, fvg, fvg, fvg, fvg, fvg, fvg, fvg, fvg, fvg, fvg, fvg, fvg, fvg, fvg, fvg, fvg, fvg, fvg, fvg, fvg, fvg, fvg, fvg, fvg, fvg, fvg, fvg, fvg, fvg, fvg, fvg, fvg, fvg, fvg, fvg, fvg, fvg, fvg, fvg, fvg, fvg, fvg, fvg, fvg, fvg, fvg, fvg, fvg, fvg, fvg, fvg, fvg, fvg, fvg, fvg, fvg, fvg, fvg, fvg, fvg, fvg, fvg, fvg, fvg, fvg, fvg, fvg, fvg, fvg, fvg, fvg, fvg, fvg, fvg, fvg, fvg, fvg, fvg, fvg, fvg, fvg, fvg, fvg, fvg, fvg, fvg, fvg, fvg, fvg, fvg, fvg, fvg, fvg, fvg, fvg, fvg, fvg, fvg, fvg, fvg, fvg, fvg, fvg, fvg, fvg, fvg, fvg, fvg, fvg, fvg, fvg, fvg, fvg, fvg, fvg, fvg, fvg, fvg, fvg, fvg, fvg, fvg, fvg, fvg, fvg, fvg; [CONFIANÇA] 0.58 < 0.75; [QUALIDADE] 0.61 < 0.70; [SCORE INST] 0.61 < 0.70; [SCORE ESTRUT] 42.2 < 50",,,,,,
2026-07-06T09:56:31.405843+00:00,SOLUSDT,1h,long,143.0853,142.3251,144.6056,145.3658,0.0,100.0,0.0,0.1998,140.3035,140.3755,140.6195,0,0,0,0,1,0.5,0.5,0.5419,51.690000000000005,0.4925,0.5419,bronze,trending_up,trending_up,0.0,"{""5m"": ""ranging"", ""15m"": ""uptrend"", ""1h"": ""reversal"", ""4h"": ""uptrend"", ""1d"": ""downtrend""}",rejected,"[SMART MONEY] Apenas 1 confirmações (mínimo 3): fvg, fvg, fvg, fvg, fvg, fvg, fvg, fvg, fvg, fvg, fvg, fvg, fvg, fvg, fvg, fvg, fvg, fvg, fvg, fvg, fvg, fvg, fvg, fvg, fvg, fvg, fvg, fvg, fvg, fvg, fvg, fvg, fvg, fvg, fvg, fvg, fvg, fvg, fvg, fvg, fvg, fvg, fvg, fvg, fvg, fvg, fvg, fvg, fvg, fvg, fvg, fvg, fvg, fvg, fvg, fvg, fvg, fvg, fvg, fvg, fvg, fvg, fvg, fvg, fvg, fvg, fvg, fvg, fvg, fvg, fvg, fvg, fvg, fvg, fvg, fvg, fvg, fvg, fvg, fvg, fvg, fvg, fvg, fvg, fvg, fvg, fvg, fvg, fvg, fvg, fvg, fvg, fvg, fvg, fvg, fvg, fvg, fvg, fvg, fvg, fvg, fvg, fvg, fvg, fvg, fvg, fvg, fvg, fvg, fvg, fvg, fvg, fvg, fvg, fvg, fvg, fvg, fvg, fvg, fvg, fvg, fvg, fvg, fvg, fvg, fvg, fvg, fvg, fvg, fvg, fvg, fvg, fvg, fvg, fvg, fvg, fvg, fvg, fvg, fvg, fvg, fvg, fvg, fvg, fvg, fvg, fvg, fvg, fvg, fvg; [RR] TP1 2.00 < mínimo 2.0:1; [CONFIANÇA] 0.49 < 0.75; [QUALIDADE] 0.54 < 0.70; [SCORE INST] 0.54 < 0.70; [RVOL] 0.2x < mínimo 0.5x",,,,,,
2026-07-06T09:56:36.119517+00:00,SOLUSDT,15m,short,145.9677,146.7278,143.6871,142.5468,0.0,29.186903569174877,0.0,1.8504,144.2329,143.844,143.9233,1,1,1,1,1,0.4,0.4,0.8769,77.2,0.9957,0.8769,ouro,trending_up,trending_up,0.0,"{""5m"": ""ranging"", ""15m"": ""uptrend"", ""1h"": ""reversal"", ""4h"": ""uptrend"", ""1d"": ""downtrend""}",approved,,✓ ScoreInst=1 ScoreEstrut=77; ✓ Conf=100% Qual=1; ✓ RR TP1=3.00 TP2=4.50; ✓ Smart Money: 5/4+ confirmações; ✓ Regime=trending_up MTF alinhado; ✓ RVOL=1.9x Volume=True,,,,,
2026-07-06T09:56:36.123179+00:00,ETHUSDT,1d,short,3613.4462,3633.9324,3562.2306,3536.6229,0.0,21.898746030913117,0.0,0.3901,3590.1038,3578.3745,3561.834,0,1,1,1,1,0.4,0.4,0.7974,67.36999999999999,0.9157,0.7974,ouro,trending_down,trending_down,0.0,"{""5m"": ""uptrend"", ""15m"": ""ranging"", ""1h"": ""ranging"", ""4h"": ""reversal"", ""1d"": ""uptrend""}",rejected,[RVOL] 0.4x < mínimo 0.5x,,,,,,
2026-07-06T09:57:32.872786+00:00,BTCUSDT,1d,short,68429.5888,68810.4247,67477.499,67001.4542,0.0,99.06545942441188,0.0,0.8591,66916.6774,65157.0648,64921.5299,1,1,0,1,1,0.5008,0.5008,0.827,72.71,0.9156,0.827,ouro,trending_up,trending_up,0.0,"{""5m"": ""uptrend"", ""15m"": ""uptrend"", ""1h"": ""uptrend"", ""4h"": ""ranging"", ""1d"": ""uptrend""}",approved,,✓ ScoreInst=1 ScoreEstrut=73; ✓ Conf=92% Qual=1; ✓ RR TP1=2.50 TP2=3.75; ✓ Smart Money: 4/4+ confirmações; ✓ Regime=trending_up MTF alinhado; ✓ RVOL=0.9x Volume=True,,,,,
2026-07-06T09:57:32.936437+00:00,BTCUSDT,15m,short,66885.7367,67266.5726,65933.6469,65457.6021,0.0,22.287420806483464,0.0,1.1266,67518.8457,67458.857,67248.6717,0,1,1,0,1,0.4,0.4,0.7851,65.19,0.8782,0.7851,ouro,trending_up,trending_up,0.0,"{""5m"": ""uptrend"", ""15m"": ""uptrend"", ""1h"": ""uptrend"", ""4h"": ""ranging"", ""1d"": ""uptrend""}",approved,,✓ ScoreInst=1 ScoreEstrut=65; ✓ Conf=88% Qual=1; ✓ RR TP1=2.50 TP2=3.75; ✓ Smart Money: 3/4+ confirmações; ✓ Regime=trending_up MTF alinhado; ✓ RVOL=1.1x Volume=True,,,,,
2026-07-06T09:57:32.941408+00:00,BTCUSDT,1h,short,66513.7295,66894.5654,65561.6397,65085.5948,0.0,72.63213591096535,0.0,0.5331,65832.4311,65171.9675,65016.8904,0,1,0,1,1,0.4,0.4,0.7288,56.879999999999995,0.7979,0.7288,prata,trending_up,trending_up,0.0,"{""5m"": ""uptrend"", ""15m"": ""uptrend"", ""1h"": ""uptrend"", ""4h"": ""ranging"", ""1d"": ""uptrend""}",approved,,✓ ScoreInst=1 ScoreEstrut=57; ✓ Conf=80% Qual=1; ✓ RR TP1=2.50 TP2=3.75; ✓ Smart Money: 3/4+ confirmações; ✓ Regime=trending_up MTF alinhado; ✓ RVOL=0.5x Volume=True,,,,,
2026-07-06T09:57:32.945331+00:00,BTCUSDT,5m,short,67520.2373,67901.0732,66568.1475,66092.1027,0.0,44.53862579168276,0.0,0.3311,68249.5468,67282.0619,66956.8638,0,1,0,1,1,0.3913,0.3913,0.7163,54.400000000000006,0.7984,0.7163,prata,trending_up,trending_up,0.0,"{""5m"": ""uptrend"", ""15m"": ""uptrend"", ""1h"": ""uptrend"", ""4h"": ""ranging"", ""1d"": ""uptrend""}",rejected,[RVOL] 0.3x < mínimo 0.5x,,,,,,
2026-07-06T09:57:33.057371+00:00,ETHUSDT,1h,short,3694.9821,3713.5137,3648.6531,3625.4886,0.0,69.77922202698733,0.0,1.2614,3624.248,3557.429,3542.2374,1,1,0,1,1,0.3022,0.3022,0.734,64.67,0.8253,0.734,prata,ranging,ranging,0.0,"{""5m"": ""uptrend"", ""15m"": ""downtrend"", ""1h"": ""uptrend"", ""4h"": ""uptrend"", ""1d"": ""ranging""}",approved,,✓ ScoreInst=1 ScoreEstrut=65; ✓ Conf=83% Qual=1; ✓ RR TP1=2.50 TP2=3.75; ✓ Smart Money: 4/4+ confirmações; ✓ Regime=ranging MTF alinhado; ✓ RVOL=1.3x Volume=True,,,,,
2026-07-06T09:57:33.060466+00:00,ETHUSDT,5m,short,3629.1303,3647.6619,3582.8013,3559.6368,0.0,50.96683627809283,0.0,1.5247,3564.6784,3517.4169,3511.5743,1,1,0,1,1,0.1464,0.1464,0.7248,58.709999999999994,0.8253,0.7248,prata,ranging,ranging,0.0,"{""5m"": ""uptrend"", ""15m"": ""downtrend"", ""1h"": ""uptrend"", ""4h"": ""uptrend"", ""1d"": ""ranging""}",approved,,✓ ScoreInst=1 ScoreEstrut=59; ✓ Conf=83% Qual=1; ✓ RR TP1=2.50 TP2=3.75; ✓ Smart Money: 4/4+ confirmações; ✓ Regime=ranging MTF alinhado; ✓ RVOL=1.5x Volume=True,,,,,
2026-07-06T09:57:33.063485+00:00,ETHUSDT,15m,long,3451.4617,3432.9301,3497.7907,3520.9552,0.0,78.65054984702904,0.0,1.0172,3429.145,3443.6307,3449.5621,0,1,1,0,1,0.4,0.4,0.7069,62.480000000000004,0.788,0.7069,prata,ranging,ranging,0.0,"{""5m"": ""uptrend"", ""15m"": ""downtrend"", ""1h"": ""uptrend"", ""4h"": ""uptrend"", ""1d"": ""ranging""}",approved,,✓ ScoreInst=1 ScoreEstrut=62; ✓ Conf=79% Qual=1; ✓ RR TP1=2.50 TP2=3.75; ✓ Smart Money: 3/4+ confirmações; ✓ Regime=ranging MTF alinhado; ✓ RVOL=1.0x Volume=True,,,,,
2026-07-06T09:57:33.067686+00:00,ETHUSDT,4h,short,3536.2332,3554.7648,3499.17,3480.6384,0.0,93.72672353326365,0.0,0.9684,3488.1905,3446.2765,3447.0156,0,1,0,1,1,0.4,0.4,0.6582,58.089999999999996,0.7081,0.6582,prata,ranging,ranging,0.0,"{""5m"": ""uptrend"", ""15m"": ""downtrend"", ""1h"": ""uptrend"", ""4h"": ""uptrend"", ""1d"": ""ranging""}",rejected,[CONFIANÇA] 0.71 < 0.75; [QUALIDADE] 0.66 < 0.70; [SCORE INST] 0.66 < 0.70; [REGIME] Mercado ranging — não operar,,,,,,
2026-07-06T09:57:33.070537+00:00,ETHUSDT,1d,short,3562.7012,3581.2328,3525.638,3507.1064,0.0,32.328237723421864,0.0,1.2098,3540.012,3514.9415,3508.4094,0,0,1,0,1,0.4,0.4,0.5783,67.51,0.5705,0.5783,bronze,ranging,ranging,0.0,"{""5m"": ""uptrend"", ""15m"": ""downtrend"", ""1h"": ""uptrend"", ""4h"": ""uptrend"", ""1d"": ""ranging""}",rejected,"[SMART MONEY] Apenas 2 confirmações (mínimo 3): fvg, fvg, fvg, fvg, fvg, fvg, fvg, fvg, fvg, fvg, fvg, fvg, fvg, fvg, fvg, fvg, fvg, fvg, fvg, fvg, fvg, fvg, fvg, fvg, fvg, fvg, fvg, fvg, fvg, fvg, fvg, fvg, fvg, fvg, fvg, fvg, fvg, fvg, fvg, fvg, fvg, fvg, fvg, fvg, fvg, fvg, fvg, fvg, fvg, fvg, fvg, fvg, fvg, fvg, fvg, fvg, fvg, fvg, fvg, fvg, fvg, fvg, fvg, fvg, fvg, fvg, fvg, fvg, fvg, fvg, fvg, fvg, fvg, fvg, fvg, fvg, fvg, fvg, fvg, fvg, fvg, fvg, fvg, fvg, fvg, fvg, fvg, fvg, fvg, fvg, fvg, fvg, fvg, fvg, fvg, fvg, fvg, fvg, fvg, fvg, fvg, fvg, fvg, fvg, fvg, fvg, fvg, fvg, fvg, fvg, fvg, fvg, fvg, fvg, fvg, fvg, fvg, fvg, fvg, fvg, fvg, fvg, fvg, fvg, fvg, fvg, fvg, fvg, fvg, fvg, fvg, fvg, fvg, fvg, fvg, fvg, fvg, fvg, fvg, fvg, fvg, fvg, fvg, fvg, fvg, liquidity_sweep, liquidity_sweep; [CONFIANÇA] 0.57 < 0.75; [QUALIDADE] 0.58 < 0.70; [SCORE INST] 0.58 < 0.70; [REGIME] Mercado ranging — não operar",,,,,,
2026-07-06T09:57:33.145358+00:00,SOLUSDT,1h,short,152.2843,153.0409,150.3926,149.4468,0.0,59.49436603924346,0.0,0.8344,152.38,149.4192,148.8404,1,1,1,1,1,0.4,0.4,0.7717,73.5,0.9059,0.7717,ouro,ranging,ranging,0.0,"{""5m"": ""uptrend"", ""15m"": ""downtrend"", ""1h"": ""uptrend"", ""4h"": ""uptrend"", ""1d"": ""uptrend""}",approved,,✓ ScoreInst=1 ScoreEstrut=74; ✓ Conf=91% Qual=1; ✓ RR TP1=2.50 TP2=3.75; ✓ Smart Money: 5/4+ confirmações; ✓ Regime=ranging MTF alinhado; ✓ RVOL=0.8x Volume=True,,,,,
2026-07-06T09:57:33.149483+00:00,SOLUSDT,4h,short,148.2791,149.0358,146.3874,145.4416,0.0,100.0,0.0,0.4258,145.1364,143.5248,143.4867,1,1,0,1,1,0.4,0.4,0.7202,68.85,0.8257,0.7202,prata,ranging,ranging,0.0,"{""5m"": ""uptrend"", ""15m"": ""downtrend"", ""1h"": ""uptrend"", ""4h"": ""uptrend"", ""1d"": ""uptrend""}",rejected,[RVOL] 0.4x < mínimo 0.5x,,,,,,
2026-07-06T09:57:33.153218+00:00,SOLUSDT,5m,short,147.7938,148.5505,145.9022,144.9563,0.0,2.9491125751829363,0.0,1.2189,146.8652,145.5709,145.5993,0,1,1,1,1,0.4,0.4,0.7116,67.47999999999999,0.8257,0.7116,prata,ranging,ranging,0.0,"{""5m"": ""uptrend"", ""15m"": ""downtrend"", ""1h"": ""uptrend"", ""4h"": ""uptrend"", ""1d"": ""uptrend""}",approved,,✓ ScoreInst=1 ScoreEstrut=67; ✓ Conf=83% Qual=1; ✓ RR TP1=2.50 TP2=3.75; ✓ Smart Money: 4/4+ confirmações; ✓ Regime=ranging MTF alinhado; ✓ RVOL=1.2x Volume=True,,,,,
2026-07-06T09:57:33.157059+00:00,SOLUSDT,1d,long,147.1396,146.3829,149.0312,149.9771,0.0,33.09935329559173,0.0,0.4821,147.9247,147.7736,147.2424,0,1,1,1,1,0.4,0.4,0.7006,62.12,0.8256,0.7006,prata,ranging,ranging,0.0,"{""5m"": ""uptrend"", ""15m"": ""downtrend"", ""1h"": ""uptrend"", ""4h"": ""uptrend"", ""1d"": ""uptrend""}",rejected,[RVOL] 0.5x < mínimo 0.5x,,,,,,
2026-07-06T09:57:33.159540+00:00,SOLUSDT,15m,short,149.8113,150.568,148.298,147.5413,0.0,84.59786380306147,0.0,1.0045,147.2797,146.4231,145.7875,0,1,0,1,1,0.4,0.4,0.647,59.28,0.7078,0.647,prata,ranging,ranging,0.0,"{""5m"": ""uptrend"", ""15m"": ""downtrend"", ""1h"": ""uptrend"", ""4h"": ""uptrend"", ""1d"": ""uptrend""}",rejected,[RR] TP1 2.00 < mínimo 2.0:1; [CONFIANÇA] 0.71 < 0.75; [QUALIDADE] 0.65 < 0.70; [SCORE INST] 0.65 < 0.70; [REGIME] Mercado ranging — não operar,,,,,,
2026-07-06T09:57:37.813490+00:00,BTCUSDT,1d,short,68429.5888,68810.4247,67477.499,67001.4542,0.0,99.06545942441188,0.0,0.8591,66916.6774,65157.0648,64921.5299,1,1,0,1,1,0.5008,0.5008,0.827,72.71,0.9156,0.827,ouro,trending_up,trending_up,0.0,"{""5m"": ""uptrend"", ""15m"": ""uptrend"", ""1h"": ""uptrend"", ""4h"": ""ranging"", ""1d"": ""uptrend""}",approved,,✓ ScoreInst=1 ScoreEstrut=73; ✓ Conf=92% Qual=1; ✓ RR TP1=2.50 TP2=3.75; ✓ Smart Money: 4/4+ confirmações; ✓ Regime=trending_up MTF alinhado; ✓ RVOL=0.9x Volume=True,,,,,
2026-07-06T09:57:37.823978+00:00,BTCUSDT,15m,short,66885.7367,67266.5726,65933.6469,65457.6021,0.0,22.287420806483464,0.0,1.1266,67518.8457,67458.857,67248.6717,0,1,1,0,1,0.4,0.4,0.7851,65.19,0.8782,0.7851,ouro,trending_up,trending_up,0.0,"{""5m"": ""uptrend"", ""15m"": ""uptrend"", ""1h"": ""uptrend"", ""4h"": ""ranging"", ""1d"": ""uptrend""}",approved,,✓ ScoreInst=1 ScoreEstrut=65; ✓ Conf=88% Qual=1; ✓ RR TP1=2.50 TP2=3.75; ✓ Smart Money: 3/4+ confirmações; ✓ Regime=trending_up MTF alinhado; ✓ RVOL=1.1x Volume=True,,,,,
2026-07-06T09:58:33.360876+00:00,BTCUSDT,15m,short,67717.5839,68034.4596,66925.3948,66529.3003,0.0,100.0,0.0,0.4819,68414.2342,67793.4621,67600.7941,0,1,1,1,1,0.4,0.4,0.8187,64.18,0.9156,0.8187,ouro,trending_up,trending_up,0.0,"{""5m"": ""reversal"", ""15m"": ""uptrend"", ""1h"": ""uptrend"", ""4h"": ""reversal"", ""1d"": ""reversal""}",rejected,[RVOL] 0.5x < mínimo 0.5x,,,,,,
2026-07-06T09:58:33.365245+00:00,BTCUSDT,1h,short,67765.7985,68082.6741,66973.6094,66577.5149,0.0,99.69549656022636,0.0,1.5446,66682.5211,65580.8135,65340.5311,1,1,0,0,1,0.4,0.4,0.8174,66.94,0.8776,0.8174,ouro,trending_up,trending_up,0.0,"{""5m"": ""reversal"", ""15m"": ""uptrend"", ""1h"": ""uptrend"", ""4h"": ""reversal"", ""1d"": ""reversal""}",approved,,✓ ScoreInst=1 ScoreEstrut=67; ✓ Conf=88% Qual=1; ✓ RR TP1=2.50 TP2=3.75; ✓ Smart Money: 3/4+ confirmações; ✓ Regime=trending_up MTF alinhado; ✓ RVOL=1.5x Volume=True,,,,,
2026-07-06T09:58:33.368553+00:00,BTCUSDT,5m,long,66268.9736,65952.098,66902.7249,67219.6005,0.0,100.0,0.0,1.527,65502.9682,65181.214,65153.1413,0,0,0,1,1,0.5,0.5,0.5959,48.85,0.5303,0.5959,bronze,trending_up,trending_up,0.0,"{""5m"": ""reversal"", ""15m"": ""uptrend"", ""1h"": ""uptrend"", ""4h"": ""reversal"", ""1d"": ""reversal""}",rejected,"[SMART MONEY] Apenas 2 confirmações (mínimo 3): order_block, order_block, order_block, fvg, fvg, fvg, fvg, fvg, fvg, fvg, fvg, fvg, fvg, fvg, fvg, fvg, fvg, fvg, fvg, fvg, fvg, fvg, fvg, fvg, fvg, fvg, fvg, fvg, fvg, fvg, fvg, fvg, fvg, fvg, fvg, fvg, fvg, fvg, fvg, fvg, fvg, fvg, fvg, fvg, fvg, fvg, fvg, fvg, fvg, fvg, fvg, fvg, fvg, fvg, fvg, fvg, fvg, fvg, fvg, fvg, fvg, fvg, fvg, fvg, fvg, fvg, fvg, fvg, fvg, fvg, fvg, fvg, fvg, fvg, fvg, fvg, fvg, fvg, fvg, fvg, fvg, fvg, fvg, fvg, fvg, fvg, fvg, fvg, fvg, fvg, fvg, fvg, fvg, fvg, fvg, fvg, fvg, fvg, fvg, fvg, fvg, fvg, fvg, fvg, fvg, fvg, fvg, fvg, fvg, fvg, fvg, fvg, fvg, fvg, fvg, fvg, fvg, fvg, fvg, fvg, fvg, fvg, fvg, fvg, fvg, fvg, fvg, fvg, fvg, fvg, fvg, fvg, fvg, fvg, fvg, fvg, fvg, fvg, fvg, fvg, fvg, fvg, fvg, fvg, fvg, fvg, fvg, fvg, fvg, fvg, fvg, fvg, fvg, fvg, fvg, fvg, fvg, fvg, fvg, fvg, fvg, fvg; [CONFIANÇA] 0.53 < 0.75; [QUALIDADE] 0.60 < 0.70; [SCORE INST] 0.60 < 0.70; [SCORE ESTRUT] 48.9 < 50",,,,,,
2026-07-06T09:58:33.371533+00:00,BTCUSDT,1d,short,66830.0021,67146.8777,66196.2508,65879.3752,0.0,61.353050998805934,0.0,0.7497,67068.1857,66582.7462,66336.5603,0,0,0,1,1,0.5,0.5,0.5681,43.35,0.5302,0.5681,bronze,trending_up,trending_up,0.0,"{""5m"": ""reversal"", ""15m"": ""uptrend"", ""1h"": ""uptrend"", ""4h"": ""reversal"", ""1d"": ""reversal""}",rejected,"[SMART MONEY] Apenas 2 confirmações (mínimo 3): order_block, order_block, fvg, fvg, fvg, fvg, fvg, fvg, fvg, fvg, fvg, fvg, fvg, fvg, fvg, fvg, fvg, fvg, fvg, fvg, fvg, fvg, fvg, fvg, fvg, fvg, fvg, fvg, fvg, fvg, fvg, fvg, fvg, fvg, fvg, fvg, fvg, fvg, fvg, fvg, fvg, fvg, fvg, fvg, fvg, fvg, fvg, fvg, fvg, fvg, fvg, fvg, fvg, fvg, fvg, fvg, fvg, fvg, fvg, fvg, fvg, fvg, fvg, fvg, fvg, fvg, fvg, fvg, fvg, fvg, fvg, fvg, fvg, fvg, fvg, fvg, fvg, fvg, fvg, fvg, fvg, fvg, fvg, fvg, fvg, fvg, fvg, fvg, fvg, fvg, fvg, fvg, fvg, fvg, fvg, fvg, fvg, fvg, fvg, fvg, fvg, fvg, fvg, fvg, fvg, fvg, fvg, fvg, fvg, fvg, fvg, fvg, fvg, fvg, fvg, fvg, fvg, fvg, fvg, fvg, fvg, fvg, fvg, fvg, fvg, fvg, fvg, fvg, fvg, fvg, fvg, fvg, fvg, fvg, fvg, fvg, fvg, fvg, fvg, fvg, fvg, fvg, fvg, fvg, fvg, fvg; [CONFIANÇA] 0.53 < 0.75; [QUALIDADE] 0.57 < 0.70; [SCORE INST] 0.57 < 0.70; [SCORE ESTRUT] 43.4 < 50",,,,,,
2026-07-06T09:58:33.373955+00:00,BTCUSDT,4h,short,65599.7539,65916.6296,64966.0027,64649.127,0.0,22.17930983270916,0.0,0.8108,65405.9749,64941.1891,64847.9988,0,0,0,1,1,0.5,0.5,0.5622,44.6,0.5301,0.5622,bronze,trending_up,trending_up,0.0,"{""5m"": ""reversal"", ""15m"": ""uptrend"", ""1h"": ""uptrend"", ""4h"": ""reversal"", ""1d"": ""reversal""}",rejected,"[SMART MONEY] Apenas 2 confirmações (mínimo 3): order_block, fvg, fvg, fvg, fvg, fvg, fvg, fvg, fvg, fvg, fvg, fvg, fvg, fvg, fvg, fvg, fvg, fvg, fvg, fvg, fvg, fvg, fvg, fvg, fvg, fvg, fvg, fvg, fvg, fvg, fvg, fvg, fvg, fvg, fvg, fvg, fvg, fvg, fvg, fvg, fvg, fvg, fvg, fvg, fvg, fvg, fvg, fvg, fvg, fvg, fvg, fvg, fvg, fvg, fvg, fvg, fvg, fvg, fvg, fvg, fvg, fvg, fvg, fvg, fvg, fvg, fvg, fvg, fvg, fvg, fvg, fvg, fvg, fvg, fvg, fvg, fvg, fvg, fvg, fvg, fvg, fvg, fvg, fvg, fvg, fvg, fvg, fvg, fvg, fvg, fvg, fvg, fvg, fvg, fvg, fvg, fvg, fvg, fvg, fvg, fvg, fvg, fvg, fvg, fvg, fvg, fvg, fvg, fvg, fvg, fvg, fvg, fvg, fvg, fvg, fvg, fvg, fvg, fvg, fvg, fvg, fvg, fvg, fvg, fvg, fvg, fvg, fvg, fvg, fvg, fvg, fvg, fvg, fvg, fvg, fvg, fvg, fvg, fvg, fvg, fvg, fvg, fvg, fvg, fvg, fvg, fvg, fvg, fvg; [RR] TP1 2.00 < mínimo 2.0:1; [CONFIANÇA] 0.53 < 0.75; [QUALIDADE] 0.56 < 0.70; [SCORE INST] 0.56 < 0.70; [SCORE ESTRUT] 44.6 < 50",,,,,,
2026-07-06T09:58:33.445714+00:00,ETHUSDT,5m,short,3601.8069,3620.158,3555.9291,3532.9902,0.0,94.44363987344728,0.0,1.445,3529.1421,3503.417,3496.4574,0,1,1,1,1,0.4,0.4,0.843,72.48,0.9158,0.843,ouro,trending_up,trending_up,0.0,"{""5m"": ""downtrend"", ""15m"": ""ranging"", ""1h"": ""uptrend"", ""4h"": ""downtrend"", ""1d"": ""uptrend""}",approved,,✓ ScoreInst=1 ScoreEstrut=72; ✓ Conf=92% Qual=1; ✓ RR TP1=2.50 TP2=3.75; ✓ Smart Money: 4/4+ confirmações; ✓ Regime=trending_up MTF alinhado; ✓ RVOL=1.4x Volume=True,,,,,
2026-07-06T09:58:33.453087+00:00,ETHUSDT,1d,short,3682.5759,3700.927,3636.6981,3613.7592,0.0,100.0,0.0,0.6448,3630.8185,3578.4942,3553.3652,0,1,0,1,1,0.3889,0.3889,0.7432,57.87,0.7981,0.7432,prata,trending_up,trending_up,0.0,"{""5m"": ""downtrend"", ""15m"": ""ranging"", ""1h"": ""uptrend"", ""4h"": ""downtrend"", ""1d"": ""uptrend""}",approved,,✓ ScoreInst=1 ScoreEstrut=58; ✓ Conf=80% Qual=1; ✓ RR TP1=2.50 TP2=3.75; ✓ Smart Money: 3/4+ confirmações; ✓ Regime=trending_up MTF alinhado; ✓ RVOL=0.6x Volume=True,,,,,
2026-07-06T09:58:33.459262+00:00,ETHUSDT,1h,short,3609.0593,3627.4104,3563.1815,3540.2426,0.0,77.3052415329403,0.0,1.4565,3575.8265,3546.668,3537.3443,0,1,0,1,1,0.2212,0.2212,0.7428,50.260000000000005,0.7979,0.7428,prata,trending_up,trending_up,0.0,"{""5m"": ""downtrend"", ""15m"": ""ranging"", ""1h"": ""uptrend"", ""4h"": ""downtrend"", ""1d"": ""uptrend""}",approved,,✓ ScoreInst=1 ScoreEstrut=50; ✓ Conf=80% Qual=1; ✓ RR TP1=2.50 TP2=3.75; ✓ Smart Money: 3/4+ confirmações; ✓ Regime=trending_up MTF alinhado; ✓ RVOL=1.5x Volume=True,,,,,
2026-07-06T09:58:33.462107+00:00,ETHUSDT,4h,short,3585.8379,3604.189,3539.9601,3517.0212,0.0,69.957660442929,0.0,0.4539,3561.7867,3545.0011,3536.6273,0,1,0,0,1,0.4,0.4,0.7102,55.24,0.7602,0.7102,prata,trending_up,trending_up,0.0,"{""5m"": ""downtrend"", ""15m"": ""ranging"", ""1h"": ""uptrend"", ""4h"": ""downtrend"", ""1d"": ""uptrend""}",rejected,"[SMART MONEY] Apenas 2 confirmações (mínimo 3): choch, fvg, fvg, fvg, fvg, fvg, fvg, fvg, fvg, fvg, fvg, fvg, fvg, fvg, fvg, fvg, fvg, fvg, fvg, fvg, fvg, fvg, fvg, fvg, fvg, fvg, fvg, fvg, fvg, fvg, fvg, fvg, fvg, fvg, fvg, fvg, fvg, fvg, fvg, fvg, fvg, fvg, fvg, fvg, fvg, fvg, fvg, fvg, fvg, fvg, fvg, fvg, fvg, fvg, fvg, fvg, fvg, fvg, fvg, fvg, fvg, fvg, fvg, fvg, fvg, fvg, fvg, fvg, fvg, fvg, fvg, fvg, fvg, fvg, fvg, fvg, fvg, fvg, fvg, fvg, fvg, fvg, fvg, fvg, fvg, fvg, fvg, fvg, fvg, fvg, fvg, fvg, fvg, fvg, fvg, fvg, fvg, fvg, fvg, fvg, fvg, fvg, fvg, fvg, fvg, fvg, fvg, fvg, fvg, fvg, fvg, fvg, fvg, fvg, fvg, fvg, fvg, fvg, fvg, fvg, fvg, fvg, fvg, fvg, fvg, fvg, fvg, fvg, fvg, fvg, fvg, fvg, fvg, fvg, fvg, fvg, fvg, fvg, fvg, fvg, fvg, fvg, fvg, fvg, fvg, fvg, fvg, fvg, fvg; [RVOL] 0.5x < mínimo 0.5x",,,,,,
2026-07-06T09:58:33.526275+00:00,SOLUSDT,1h,short,147.448,148.1673,145.6497,144.7505,0.0,100.0,0.0,1.6508,144.8122,142.7875,142.93,1,1,0,1,1,0.4,0.4,0.8436,67.64,0.9156,0.8436,ouro,trending_up,trending_up,0.0,"{""5m"": ""downtrend"", ""15m"": ""ranging"", ""1h"": ""uptrend"", ""4h"": ""downtrend"", ""1d"": ""uptrend""}",approved,,✓ ScoreInst=1 ScoreEstrut=68; ✓ Conf=92% Qual=1; ✓ RR TP1=2.50 TP2=3.75; ✓ Smart Money: 4/4+ confirmações; ✓ Regime=trending_up MTF alinhado; ✓ RVOL=1.7x Volume=True,,,,,
2026-07-06T09:58:33.529047+00:00,SOLUSDT,1d,short,147.6497,148.369,145.8514,144.9523,0.0,29.89004171151143,0.0,0.8272,148.3403,146.8356,146.6393,0,1,1,1,1,0.4,0.4,0.8113,64.05999999999999,0.9157,0.8113,ouro,trending_up,trending_up,0.0,"{""5m"": ""downtrend"", ""15m"": ""ranging"", ""1h"": ""uptrend"", ""4h"": ""downtrend"", ""1d"": ""uptrend""}",approved,,✓ ScoreInst=1 ScoreEstrut=64; ✓ Conf=92% Qual=1; ✓ RR TP1=2.50 TP2=3.75; ✓ Smart Money: 4/4+ confirmações; ✓ Regime=trending_up MTF alinhado; ✓ RVOL=0.8x Volume=True,,,,,
2026-07-06T09:58:33.532428+00:00,SOLUSDT,4h,short,143.301,144.0204,141.5027,140.6036,0.0,99.2201787255243,0.0,1.2195,143.7718,145.5937,145.6663,0,1,0,1,1,0.4,0.4,0.7501,54.410000000000004,0.7979,0.7501,ouro,trending_up,trending_up,0.0,"{""5m"": ""downtrend"", ""15m"": ""ranging"", ""1h"": ""uptrend"", ""4h"": ""downtrend"", ""1d"": ""uptrend""}",approved,,✓ ScoreInst=1 ScoreEstrut=54; ✓ Conf=80% Qual=1; ✓ RR TP1=2.50 TP2=3.75; ✓ Smart Money: 3/4+ confirmações; ✓ Regime=trending_up MTF alinhado; ✓ RVOL=1.2x Volume=True,,,,,
2026-07-06T09:58:33.535290+00:00,SOLUSDT,5m,short,148.7034,149.4227,146.9051,146.0059,0.0,73.5331032742387,0.0,1.1513,149.2266,148.9347,148.6126,0,1,0,1,1,0.4,0.4,0.7406,49.46,0.7983,0.7406,prata,trending_up,trending_up,0.0,"{""5m"": ""downtrend"", ""15m"": ""ranging"", ""1h"": ""uptrend"", ""4h"": ""downtrend"", ""1d"": ""uptrend""}",rejected,[SCORE ESTRUT] 49.5 < 50,,,,,,
2026-07-06T09:58:33.537917+00:00,SOLUSDT,15m,short,152.0376,152.7569,150.5989,149.8796,0.0,43.45827120291244,0.0,1.1591,152.7364,151.4785,150.7209,0,0,0,1,1,0.4,0.4,0.5965,40.67,0.5804,0.5965,bronze,trending_up,trending_up,0.0,"{""5m"": ""downtrend"", ""15m"": ""ranging"", ""1h"": ""uptrend"", ""4h"": ""downtrend"", ""1d"": ""uptrend""}",rejected,"[SMART MONEY] Apenas 2 confirmações (mínimo 3): order_block, order_block, order_block, fvg, fvg, fvg, fvg, fvg, fvg, fvg, fvg, fvg, fvg, fvg, fvg, fvg, fvg, fvg, fvg, fvg, fvg, fvg, fvg, fvg, fvg, fvg, fvg, fvg, fvg, fvg, fvg, fvg, fvg, fvg, fvg, fvg, fvg, fvg, fvg, fvg, fvg, fvg, fvg, fvg, fvg, fvg, fvg, fvg, fvg, fvg, fvg, fvg, fvg, fvg, fvg, fvg, fvg, fvg, fvg, fvg, fvg, fvg, fvg, fvg, fvg, fvg, fvg, fvg, fvg, fvg, fvg, fvg, fvg, fvg, fvg, fvg, fvg, fvg, fvg, fvg, fvg, fvg, fvg, fvg, fvg, fvg, fvg, fvg, fvg, fvg, fvg, fvg, fvg, fvg, fvg, fvg, fvg, fvg, fvg, fvg, fvg, fvg, fvg, fvg, fvg, fvg, fvg, fvg, fvg, fvg, fvg, fvg, fvg, fvg, fvg, fvg, fvg, fvg, fvg, fvg, fvg, fvg, fvg, fvg, fvg, fvg, fvg, fvg, fvg, fvg, fvg, fvg, fvg, fvg, fvg, fvg, fvg, fvg, fvg, fvg, fvg, fvg, fvg, fvg, fvg, fvg, fvg, fvg; [CONFIANÇA] 0.58 < 0.75; [QUALIDADE] 0.60 < 0.70; [SCORE INST] 0.60 < 0.70; [SCORE ESTRUT] 40.7 < 50",,,,,,
2026-07-06T09:58:37.989515+00:00,SOLUSDT,1h,short,147.448,148.1673,145.6497,144.7505,0.0,100.0,0.0,1.6508,144.8122,142.7875,142.93,1,1,0,1,1,0.4,0.4,0.8436,67.64,0.9156,0.8436,ouro,trending_up,trending_up,0.0,"{""5m"": ""downtrend"", ""15m"": ""ranging"", ""1h"": ""uptrend"", ""4h"": ""downtrend"", ""1d"": ""uptrend""}",approved,,✓ ScoreInst=1 ScoreEstrut=68; ✓ Conf=92% Qual=1; ✓ RR TP1=2.50 TP2=3.75; ✓ Smart Money: 4/4+ confirmações; ✓ Regime=trending_up MTF alinhado; ✓ RVOL=1.7x Volume=True,,,,,
2026-07-06T09:58:37.991966+00:00,ETHUSDT,5m,short,3601.8069,3620.158,3555.9291,3532.9902,0.0,94.44363987344728,0.0,1.445,3529.1421,3503.417,3496.4574,0,1,1,1,1,0.4,0.4,0.843,72.48,0.9158,0.843,ouro,trending_up,trending_up,0.0,"{""5m"": ""downtrend"", ""15m"": ""ranging"", ""1h"": ""uptrend"", ""4h"": ""downtrend"", ""1d"": ""uptrend""}",approved,,✓ ScoreInst=1 ScoreEstrut=72; ✓ Conf=92% Qual=1; ✓ RR TP1=2.50 TP2=3.75; ✓ Smart Money: 4/4+ confirmações; ✓ Regime=trending_up MTF alinhado; ✓ RVOL=1.4x Volume=True,,,,,
2026-07-06T09:59:33.776014+00:00,BTCUSDT,5m,long,63643.0247,63310.5829,64474.1294,64889.6817,0.0,55.66756594525663,0.0,0.2782,64443.9996,65103.778,65291.1198,1,1,1,0,1,0.4,0.4,0.7687,77.61,0.9053,0.7687,ouro,ranging,ranging,0.0,"{""5m"": ""downtrend"", ""15m"": ""ranging"", ""1h"": ""uptrend"", ""4h"": ""reversal"", ""1d"": ""uptrend""}",rejected,[RVOL] 0.3x < mínimo 0.5x,,,,,,
2026-07-06T09:59:33.784297+00:00,BTCUSDT,1h,short,65487.8714,65820.3132,64656.7667,64241.2144,0.0,76.68779061719529,0.0,1.3295,65770.783,65685.5301,65577.2389,0,1,1,1,1,0.4,0.4,0.729,62.0,0.8257,0.729,prata,ranging,ranging,0.0,"{""5m"": ""downtrend"", ""15m"": ""ranging"", ""1h"": ""uptrend"", ""4h"": ""reversal"", ""1d"": ""uptrend""}",approved,,✓ ScoreInst=1 ScoreEstrut=62; ✓ Conf=83% Qual=1; ✓ RR TP1=2.50 TP2=3.75; ✓ Smart Money: 4/4+ confirmações; ✓ Regime=ranging MTF alinhado; ✓ RVOL=1.3x Volume=True,,,,,
2026-07-06T09:59:33.787045+00:00,BTCUSDT,1d,long,66571.5315,66239.0896,67402.6361,67818.1884,0.0,100.0,0.0,1.4626,64971.0472,64274.2709,64237.8757,1,1,0,0,1,0.4,0.4,0.723,69.88,0.7876,0.723,prata,ranging,ranging,0.0,"{""5m"": ""downtrend"", ""15m"": ""ranging"", ""1h"": ""uptrend"", ""4h"": ""reversal"", ""1d"": ""uptrend""}",approved,,✓ ScoreInst=1 ScoreEstrut=70; ✓ Conf=79% Qual=1; ✓ RR TP1=2.50 TP2=3.75; ✓ Smart Money: 3/4+ confirmações; ✓ Regime=ranging MTF alinhado; ✓ RVOL=1.5x Volume=True,,,,,
2026-07-06T09:59:33.789787+00:00,BTCUSDT,4h,short,65763.9881,66096.43,65099.1044,64766.6626,0.0,100.0,0.0,1.776,66630.8493,66449.3344,66348.0097,0,0,0,1,1,0.5,0.5,0.5003,47.14,0.4404,0.5003,bronze,ranging,ranging,0.0,"{""5m"": ""downtrend"", ""15m"": ""ranging"", ""1h"": ""uptrend"", ""4h"": ""reversal"", ""1d"": ""uptrend""}",rejected,"[SMART MONEY] Apenas 2 confirmações (mínimo 3): order_block, order_block, order_block, fvg, fvg, fvg, fvg, fvg, fvg, fvg, fvg, fvg, fvg, fvg, fvg, fvg, fvg, fvg, fvg, fvg, fvg, fvg, fvg, fvg, fvg, fvg, fvg, fvg, fvg, fvg, fvg, fvg, fvg, fvg, fvg, fvg, fvg, fvg, fvg, fvg, fvg, fvg, fvg, fvg, fvg, fvg, fvg, fvg, fvg, fvg, fvg, fvg, fvg, fvg, fvg, fvg, fvg, fvg, fvg, fvg, fvg, fvg, fvg, fvg, fvg, fvg, fvg, fvg, fvg, fvg, fvg, fvg, fvg, fvg, fvg, fvg, fvg, fvg, fvg, fvg, fvg, fvg, fvg, fvg, fvg, fvg, fvg, fvg, fvg, fvg, fvg, fvg, fvg, fvg, fvg, fvg, fvg, fvg, fvg, fvg, fvg, fvg, fvg, fvg, fvg, fvg, fvg, fvg, fvg, fvg, fvg, fvg, fvg, fvg, fvg, fvg, fvg, fvg, fvg, fvg, fvg, fvg, fvg, fvg, fvg, fvg, fvg, fvg, fvg, fvg, fvg, fvg, fvg, fvg, fvg, fvg, fvg, fvg, fvg, fvg, fvg, fvg, fvg, fvg; [RR] TP1 2.00 < mínimo 2.0:1; [CONFIANÇA] 0.44 < 0.75; [QUALIDADE] 0.50 < 0.70; [SCORE INST] 0.50 < 0.70; [SCORE ESTRUT] 47.1 < 50; [REGIME] Mercado ranging — não operar",,,,,,
2026-07-06T09:59:33.854774+00:00,ETHUSDT,4h,short,3550.0061,3568.4852,3503.8085,3480.7096,0.0,85.38403096311592,0.0,0.8619,3597.7632,3553.2541,3543.2023,0,1,1,1,1,0.307,0.307,0.727,62.09,0.8258,0.727,prata,ranging,ranging,0.0,"{""5m"": ""uptrend"", ""15m"": ""uptrend"", ""1h"": ""uptrend"", ""4h"": ""uptrend"", ""1d"": ""uptrend""}",approved,,✓ ScoreInst=1 ScoreEstrut=62; ✓ Conf=83% Qual=1; ✓ RR TP1=2.50 TP2=3.75; ✓ Smart Money: 4/4+ confirmações; ✓ Regime=ranging MTF alinhado; ✓ RVOL=0.9x Volume=True,,,,,
2026-07-06T09:59:33.857426+00:00,ETHUSDT,1d,short,3623.1569,3641.6359,3576.9592,3553.8604,0.0,32.88325008672028,0.0,0.9143,3589.8656,3545.5203,3529.1604,1,1,0,1,1,0.4,0.4,0.7155,64.51,0.8254,0.7155,prata,ranging,ranging,0.0,"{""5m"": ""uptrend"", ""15m"": ""uptrend"", ""1h"": ""uptrend"", ""4h"": ""uptrend"", ""1d"": ""uptrend""}",approved,,✓ ScoreInst=1 ScoreEstrut=65; ✓ Conf=83% Qual=1; ✓ RR TP1=2.50 TP2=3.75; ✓ Smart Money: 4/4+ confirmações; ✓ Regime=ranging MTF alinhado; ✓ RVOL=0.9x Volume=True,,,,,
2026-07-06T09:59:33.860012+00:00,ETHUSDT,5m,short,3604.8815,3623.3605,3558.6838,3535.585,0.0,43.339730909469374,0.0,1.765,3552.9089,3487.1792,3475.3662,1,1,0,0,1,0.4,0.4,0.7154,66.36999999999999,0.7876,0.7154,prata,ranging,ranging,0.0,"{""5m"": ""uptrend"", ""15m"": ""uptrend"", ""1h"": ""uptrend"", ""4h"": ""uptrend"", ""1d"": ""uptrend""}",approved,,✓ ScoreInst=1 ScoreEstrut=66; ✓ Conf=79% Qual=1; ✓ RR TP1=2.50 TP2=3.75; ✓ Smart Money: 3/4+ confirmações; ✓ Regime=ranging MTF alinhado; ✓ RVOL=1.8x Volume=True,,,,,
2026-07-06T09:59:33.864063+00:00,ETHUSDT,15m,long,3511.6276,3493.1485,3548.5857,3567.0648,0.0,100.0,0.0,1.5851,3563.5087,3576.5379,3576.6511,0,1,0,1,1,0.4,0.4,0.6707,58.36,0.7081,0.6707,prata,ranging,ranging,0.0,"{""5m"": ""uptrend"", ""15m"": ""uptrend"", ""1h"": ""uptrend"", ""4h"": ""uptrend"", ""1d"": ""uptrend""}",rejected,[RR] TP1 2.00 < mínimo 2.0:1; [CONFIANÇA] 0.71 < 0.75; [QUALIDADE] 0.67 < 0.70; [SCORE INST] 0.67 < 0.70; [REGIME] Mercado ranging — não operar,,,,,,
2026-07-06T09:59:33.866703+00:00,ETHUSDT,1h,short,3601.2177,3619.6967,3564.2595,3545.7805,0.0,100.0,0.0,1.2584,3664.192,3617.6849,3609.0847,0,1,0,1,1,0.4,0.4,0.6598,54.790000000000006,0.7079,0.6598,prata,ranging,ranging,0.0,"{""5m"": ""uptrend"", ""15m"": ""uptrend"", ""1h"": ""uptrend"", ""4h"": ""uptrend"", ""1d"": ""uptrend""}",rejected,[CONFIANÇA] 0.71 < 0.75; [QUALIDADE] 0.66 < 0.70; [SCORE INST] 0.66 < 0.70; [REGIME] Mercado ranging — não operar,,,,,,
2026-07-06T09:59:33.919743+00:00,SOLUSDT,1d,short,149.3771,150.0233,147.7616,146.9538,0.0,100.0,0.0,1.7996,146.5719,144.8429,144.6056,1,1,1,1,1,0.4,0.4,0.8046,79.96,0.9056,0.8046,ouro,ranging,ranging,0.0,"{""5m"": ""uptrend"", ""15m"": ""reversal"", ""1h"": ""downtrend"", ""4h"": ""uptrend"", ""1d"": ""uptrend""}",approved,,✓ ScoreInst=1 ScoreEstrut=80; ✓ Conf=91% Qual=1; ✓ RR TP1=2.50 TP2=3.75; ✓ Smart Money: 5/4+ confirmações; ✓ Regime=ranging MTF alinhado; ✓ RVOL=1.8x Volume=True,,,,,
2026-07-06T09:59:33.922514+00:00,SOLUSDT,4h,short,147.5614,148.2076,145.9459,145.1381,0.0,100.0,0.0,0.9992,144.5007,142.5639,142.574,1,1,0,1,1,0.4,0.4,0.73,68.67,0.8252,0.73,prata,ranging,ranging,0.0,"{""5m"": ""uptrend"", ""15m"": ""reversal"", ""1h"": ""downtrend"", ""4h"": ""uptrend"", ""1d"": ""uptrend""}",approved,,✓ ScoreInst=1 ScoreEstrut=69; ✓ Conf=83% Qual=1; ✓ RR TP1=2.50 TP2=3.75; ✓ Smart Money: 4/4+ confirmações; ✓ Regime=ranging MTF alinhado; ✓ RVOL=1.0x Volume=True,,,,,
2026-07-06T09:59:33.931188+00:00,SOLUSDT,5m,short,147.1768,147.823,145.5613,144.7535,0.0,81.61966740140369,0.0,0.8646,145.2853,143.0952,143.0133,1,1,0,1,1,0.4,0.4,0.7194,65.82000000000001,0.8253,0.7194,prata,ranging,ranging,0.0,"{""5m"": ""uptrend"", ""15m"": ""reversal"", ""1h"": ""downtrend"", ""4h"": ""uptrend"", ""1d"": ""uptrend""}",approved,,✓ ScoreInst=1 ScoreEstrut=66; ✓ Conf=83% Qual=1; ✓ RR TP1=2.50 TP2=3.75; ✓ Smart Money: 4/4+ confirmações; ✓ Regime=ranging MTF alinhado; ✓ RVOL=0.9x Volume=True,,,,,
2026-07-06T09:59:33.935813+00:00,SOLUSDT,1h,short,146.2655,146.9117,144.973,144.3268,0.0,57.486183722587704,0.0,0.2985,146.1091,145.2547,144.9813,0,1,0,1,1,0.4,0.4,0.62,51.49,0.7081,0.62,prata,ranging,ranging,0.0,"{""5m"": ""uptrend"", ""15m"": ""reversal"", ""1h"": ""downtrend"", ""4h"": ""uptrend"", ""1d"": ""uptrend""}",rejected,[CONFIANÇA] 0.71 < 0.75; [QUALIDADE] 0.62 < 0.70; [SCORE INST] 0.62 < 0.70; [REGIME] Mercado ranging — não operar; [RVOL] 0.3x < mínimo 0.5x,,,,,,
2026-07-06T09:59:33.938313+00:00,SOLUSDT,15m,short,144.587,145.2332,143.2946,142.6484,0.0,100.0,0.0,0.9808,140.3868,139.4679,140.0674,1,0,0,1,1,0.5,0.5,0.566,61.5,0.5575,0.566,bronze,ranging,ranging,0.0,"{""5m"": ""uptrend"", ""15m"": ""reversal"", ""1h"": ""downtrend"", ""4h"": ""uptrend"", ""1d"": ""uptrend""}",rejected,[CONFIANÇA] 0.56 < 0.75; [QUALIDADE] 0.57 < 0.70; [SCORE INST] 0.57 < 0.70; [REGIME] Mercado ranging — não operar,,,,,,
2026-07-06T09:59:38.150601+00:00,SOLUSDT,1d,short,149.3771,150.0233,147.7616,146.9538,0.0,100.0,0.0,1.7996,146.5719,144.8429,144.6056,1,1,1,1,1,0.4,0.4,0.8046,79.96,0.9056,0.8046,ouro,ranging,ranging,0.0,"{""5m"": ""uptrend"", ""15m"": ""reversal"", ""1h"": ""downtrend"", ""4h"": ""uptrend"", ""1d"": ""uptrend""}",approved,,✓ ScoreInst=1 ScoreEstrut=80; ✓ Conf=91% Qual=1; ✓ RR TP1=2.50 TP2=3.75; ✓ Smart Money: 5/4+ confirmações; ✓ Regime=ranging MTF alinhado; ✓ RVOL=1.8x Volume=True,,,,,
2026-07-06T09:59:38.152784+00:00,BTCUSDT,5m,long,63643.0247,63310.5829,64474.1294,64889.6817,0.0,55.66756594525663,0.0,0.2782,64443.9996,65103.778,65291.1198,1,1,1,0,1,0.4,0.4,0.7687,77.61,0.9053,0.7687,ouro,ranging,ranging,0.0,"{""5m"": ""downtrend"", ""15m"": ""ranging"", ""1h"": ""uptrend"", ""4h"": ""reversal"", ""1d"": ""uptrend""}",rejected,[RVOL] 0.3x < mínimo 0.5x,,,,,,
2026-07-06T10:00:34.130353+00:00,BTCUSDT,15m,short,67809.2715,68099.1938,67084.4656,66722.0627,0.0,91.71545454660263,0.0,1.0301,66885.6857,65918.8217,65602.0569,1,1,0,1,1,0.3598,0.3598,0.7285,64.69,0.8254,0.7285,prata,ranging,ranging,0.0,"{""5m"": ""uptrend"", ""15m"": ""uptrend"", ""1h"": ""ranging"", ""4h"": ""uptrend"", ""1d"": ""uptrend""}",approved,,✓ ScoreInst=1 ScoreEstrut=65; ✓ Conf=83% Qual=1; ✓ RR TP1=2.50 TP2=3.75; ✓ Smart Money: 4/4+ confirmações; ✓ Regime=ranging MTF alinhado; ✓ RVOL=1.0x Volume=True,,,,,
2026-07-06T10:00:34.155460+00:00,BTCUSDT,4h,short,67437.0761,67726.9985,66712.2703,66349.8674,0.0,82.09664271371805,0.0,1.3933,66028.9687,65357.2368,65152.1625,1,1,0,0,1,0.4,0.4,0.7146,68.72,0.7876,0.7146,prata,ranging,ranging,0.0,"{""5m"": ""uptrend"", ""15m"": ""uptrend"", ""1h"": ""ranging"", ""4h"": ""uptrend"", ""1d"": ""uptrend""}",approved,,✓ ScoreInst=1 ScoreEstrut=69; ✓ Conf=79% Qual=1; ✓ RR TP1=2.50 TP2=3.75; ✓ Smart Money: 3/4+ confirmações; ✓ Regime=ranging MTF alinhado; ✓ RVOL=1.4x Volume=True,,,,,
2026-07-06T10:00:34.157869+00:00,BTCUSDT,5m,long,65588.552,65298.6296,66168.3966,66458.3189,0.0,93.93570458847715,0.0,0.7169,66806.5959,66344.2997,66351.6024,0,1,0,1,1,0.4,0.4,0.6453,58.43000000000001,0.7085,0.6453,prata,ranging,ranging,0.0,"{""5m"": ""uptrend"", ""15m"": ""uptrend"", ""1h"": ""ranging"", ""4h"": ""uptrend"", ""1d"": ""uptrend""}",rejected,[RR] TP1 2.00 < mínimo 2.0:1; [CONFIANÇA] 0.71 < 0.75; [QUALIDADE] 0.65 < 0.70; [SCORE INST] 0.65 < 0.70; [REGIME] Mercado ranging — não operar,,,,,,
2026-07-06T10:00:34.165123+00:00,BTCUSDT,1d,short,67368.3149,67658.2372,66788.4703,66498.5479,0.0,19.64207847186386,0.0,1.1402,67566.0757,66321.4009,66167.0028,0,1,0,1,1,0.4,0.4,0.6375,54.279999999999994,0.7079,0.6375,prata,ranging,ranging,0.0,"{""5m"": ""uptrend"", ""15m"": ""uptrend"", ""1h"": ""ranging"", ""4h"": ""uptrend"", ""1d"": ""uptrend""}",rejected,[CONFIANÇA] 0.71 < 0.75; [QUALIDADE] 0.64 < 0.70; [SCORE INST] 0.64 < 0.70; [REGIME] Mercado ranging — não operar; [ADX] 19.6 < 20 — tendência fraca,,,,,,
2026-07-06T10:00:34.218145+00:00,ETHUSDT,4h,short,3657.6002,3675.7944,3612.1148,3589.3721,0.0,100.0,0.0,1.5864,3560.7365,3473.88,3461.3656,1,1,0,1,1,0.4,0.4,0.8452,70.00999999999999,0.9153,0.8452,ouro,trending_up,trending_up,0.0,"{""5m"": ""uptrend"", ""15m"": ""reversal"", ""1h"": ""ranging"", ""4h"": ""uptrend"", ""1d"": ""uptrend""}",approved,,✓ ScoreInst=1 ScoreEstrut=70; ✓ Conf=92% Qual=1; ✓ RR TP1=2.50 TP2=3.75; ✓ Smart Money: 4/4+ confirmações; ✓ Regime=trending_up MTF alinhado; ✓ RVOL=1.6x Volume=True,,,,,
2026-07-06T10:00:34.221084+00:00,ETHUSDT,1d,short,3565.9275,3584.1216,3520.4421,3497.6994,0.0,92.63285895982189,0.0,1.5874,3583.5817,3568.9463,3559.6382,0,1,1,1,1,0.4,0.4,0.8358,62.36000000000001,0.9156,0.8358,ouro,trending_up,trending_up,0.0,"{""5m"": ""uptrend"", ""15m"": ""reversal"", ""1h"": ""ranging"", ""4h"": ""uptrend"", ""1d"": ""uptrend""}",approved,,✓ ScoreInst=1 ScoreEstrut=62; ✓ Conf=92% Qual=1; ✓ RR TP1=2.50 TP2=3.75; ✓ Smart Money: 4/4+ confirmações; ✓ Regime=trending_up MTF alinhado; ✓ RVOL=1.6x Volume=True,,,,,
2026-07-06T10:00:34.223820+00:00,ETHUSDT,5m,short,3668.9094,3687.1035,3623.424,3600.6813,0.0,68.614273529238,0.0,0.3952,3656.6431,3615.7662,3598.8297,0,1,0,1,1,0.3189,0.3189,0.7253,51.62,0.7986,0.7253,prata,trending_up,trending_up,0.0,"{""5m"": ""uptrend"", ""15m"": ""reversal"", ""1h"": ""ranging"", ""4h"": ""uptrend"", ""1d"": ""uptrend""}",rejected,[RVOL] 0.4x < mínimo 0.5x,,,,,,
2026-07-06T10:00:34.226370+00:00,ETHUSDT,1h,short,3532.0327,3550.2269,3486.5473,3463.8046,0.0,89.16018845855854,0.0,1.6972,3468.7986,3472.5807,3467.0299,0,0,1,1,1,0.4,0.4,0.705,59.64,0.6979,0.705,prata,trending_up,trending_up,0.0,"{""5m"": ""uptrend"", ""15m"": ""reversal"", ""1h"": ""ranging"", ""4h"": ""uptrend"", ""1d"": ""uptrend""}",rejected,[CONFIANÇA] 0.70 < 0.75,,,,,,
2026-07-06T10:00:34.229238+00:00,ETHUSDT,15m,short,3562.5632,3580.7574,3526.1749,3507.9808,0.0,20.351130167444712,0.0,0.9762,3592.8923,3586.5776,3580.8529,0,0,1,1,1,0.5,0.5,0.6582,68.26,0.6481,0.6582,prata,trending_up,trending_up,0.0,"{""5m"": ""uptrend"", ""15m"": ""reversal"", ""1h"": ""ranging"", ""4h"": ""uptrend"", ""1d"": ""uptrend""}",rejected,[RR] TP1 2.00 < mínimo 2.0:1; [CONFIANÇA] 0.65 < 0.75; [QUALIDADE] 0.66 < 0.70; [SCORE INST] 0.66 < 0.70,,,,,,
2026-07-06T10:00:34.284733+00:00,SOLUSDT,1d,short,148.8446,149.5333,147.467,146.7782,0.0,100.0,0.0,1.3608,149.8528,148.5044,148.2897,0,1,0,1,1,0.4,0.4,0.6467,51.68000000000001,0.708,0.6467,prata,ranging,ranging,0.0,"{""5m"": ""ranging"", ""15m"": ""uptrend"", ""1h"": ""ranging"", ""4h"": ""downtrend"", ""1d"": ""uptrend""}",rejected,[CONFIANÇA] 0.71 < 0.75; [QUALIDADE] 0.65 < 0.70; [SCORE INST] 0.65 < 0.70; [REGIME] Mercado ranging — não operar,,,,,,
2026-07-06T10:00:34.286921+00:00,SOLUSDT,4h,long,145.9109,145.2222,147.2885,147.9773,0.0,100.0,0.0,0.1906,144.066,143.2129,143.0824,0,1,0,1,1,0.4,0.4,0.6347,57.75,0.708,0.6347,prata,ranging,ranging,0.0,"{""5m"": ""ranging"", ""15m"": ""uptrend"", ""1h"": ""ranging"", ""4h"": ""downtrend"", ""1d"": ""uptrend""}",rejected,[CONFIANÇA] 0.71 < 0.75; [QUALIDADE] 0.63 < 0.70; [SCORE INST] 0.63 < 0.70; [REGIME] Mercado ranging — não operar; [RVOL] 0.2x < mínimo 0.5x,,,,,,
2026-07-06T10:00:34.288858+00:00,SOLUSDT,15m,short,153.9588,154.6476,152.5813,151.8925,0.0,54.01750808931964,0.0,0.4044,155.4857,153.1325,151.9807,0,1,0,1,1,0.5544,0.5544,0.6294,61.41,0.7079,0.6294,prata,ranging,ranging,0.0,"{""5m"": ""ranging"", ""15m"": ""uptrend"", ""1h"": ""ranging"", ""4h"": ""downtrend"", ""1d"": ""uptrend""}",rejected,[RR] TP1 2.00 < mínimo 2.0:1; [CONFIANÇA] 0.71 < 0.75; [QUALIDADE] 0.63 < 0.70; [SCORE INST] 0.63 < 0.70; [REGIME] Mercado ranging — não operar; [RVOL] 0.4x < mínimo 0.5x,,,,,,
2026-07-06T10:01:07.466484+00:00,BTCUSDT,1h,short,67892.7737,68207.7409,67105.3556,66711.6465,0.0,74.87724181675355,0.0,0.8237,66817.323,65845.9959,65614.1727,1,1,0,1,1,0.4,0.4,0.7231,66.9,0.8255,0.7231,prata,ranging,ranging,0.0,"{""5m"": ""ranging"", ""15m"": ""uptrend"", ""1h"": ""uptrend"", ""4h"": ""uptrend"", ""1d"": ""uptrend""}",approved,,✓ ScoreInst=1 ScoreEstrut=67; ✓ Conf=83% Qual=1; ✓ RR TP1=2.50 TP2=3.75; ✓ Smart Money: 4/4+ confirmações; ✓ Regime=ranging MTF alinhado; ✓ RVOL=0.8x Volume=True,,,,,
2026-07-06T10:01:07.472805+00:00,BTCUSDT,15m,short,67784.5831,68099.5503,66997.165,66603.456,0.0,100.0,0.0,0.5004,68504.0125,67649.2531,67425.3437,0,1,1,1,1,0.4,0.4,0.7229,65.56,0.8257,0.7229,prata,ranging,ranging,0.0,"{""5m"": ""ranging"", ""15m"": ""uptrend"", ""1h"": ""uptrend"", ""4h"": ""uptrend"", ""1d"": ""uptrend""}",approved,,✓ ScoreInst=1 ScoreEstrut=66; ✓ Conf=83% Qual=1; ✓ RR TP1=2.50 TP2=3.75; ✓ Smart Money: 4/4+ confirmações; ✓ Regime=ranging MTF alinhado; ✓ RVOL=0.5x Volume=True,,,,,
2026-07-06T10:01:07.478658+00:00,BTCUSDT,1d,long,64328.3443,64013.377,64958.2787,65273.246,0.0,100.0,0.0,1.3883,63537.136,63411.3175,63499.2171,0,1,0,1,1,0.4,0.4,0.6602,56.940000000000005,0.7079,0.6602,prata,ranging,ranging,0.0,"{""5m"": ""ranging"", ""15m"": ""uptrend"", ""1h"": ""uptrend"", ""4h"": ""uptrend"", ""1d"": ""uptrend""}",rejected,[RR] TP1 2.00 < mínimo 2.0:1; [CONFIANÇA] 0.71 < 0.75; [QUALIDADE] 0.66 < 0.70; [SCORE INST] 0.66 < 0.70; [REGIME] Mercado ranging — não operar,,,,,,
2026-07-06T10:01:07.484935+00:00,BTCUSDT,4h,short,65262.7097,65577.6769,64632.7752,64317.808,0.0,81.06756231361477,0.0,0.3906,65571.2942,65398.7626,65494.4533,0,1,0,1,1,0.4,0.4,0.63,50.9,0.7082,0.63,prata,ranging,ranging,0.0,"{""5m"": ""ranging"", ""15m"": ""uptrend"", ""1h"": ""uptrend"", ""4h"": ""uptrend"", ""1d"": ""uptrend""}",rejected,[CONFIANÇA] 0.71 < 0.75; [QUALIDADE] 0.63 < 0.70; [SCORE INST] 0.63 < 0.70; [REGIME] Mercado ranging — não operar; [RVOL] 0.4x < mínimo 0.5x,,,,,,
2026-07-06T10:01:07.547420+00:00,ETHUSDT,1d,short,3624.4585,3642.2732,3579.9217,3557.6533,0.0,100.0,0.0,1.695,3574.2389,3492.3364,3482.3611,1,1,0,1,1,0.4,0.4,0.8429,66.18,0.9154,0.8429,ouro,trending_down,trending_down,0.0,"{""5m"": ""uptrend"", ""15m"": ""uptrend"", ""1h"": ""downtrend"", ""4h"": ""uptrend"", ""1d"": ""uptrend""}",approved,,✓ ScoreInst=1 ScoreEstrut=66; ✓ Conf=92% Qual=1; ✓ RR TP1=2.50 TP2=3.75; ✓ Smart Money: 4/4+ confirmações; ✓ Regime=trending_down MTF alinhado; ✓ RVOL=1.7x Volume=True,,,,,
2026-07-06T10:01:07.550103+00:00,ETHUSDT,5m,short,3703.2138,3721.0285,3658.677,3636.4086,0.0,5.659153337985831,0.0,1.3841,3665.7079,3596.5154,3581.7803,1,1,0,0,1,0.2773,0.2773,0.7896,60.540000000000006,0.8776,0.7896,ouro,trending_down,trending_down,0.0,"{""5m"": ""uptrend"", ""15m"": ""uptrend"", ""1h"": ""downtrend"", ""4h"": ""uptrend"", ""1d"": ""uptrend""}",approved,,✓ ScoreInst=1 ScoreEstrut=61; ✓ Conf=88% Qual=1; ✓ RR TP1=2.50 TP2=3.75; ✓ Smart Money: 3/4+ confirmações; ✓ Regime=trending_down MTF alinhado; ✓ RVOL=1.4x Volume=True,,,,,
2026-07-06T10:01:07.552611+00:00,ETHUSDT,1h,short,3609.0733,3626.888,3564.5365,3542.2681,0.0,94.2301119241509,0.0,1.7463,3646.9152,3630.7128,3613.9279,0,1,0,1,1,0.4,0.4,0.7561,52.11,0.7979,0.7561,ouro,trending_down,trending_down,0.0,"{""5m"": ""uptrend"", ""15m"": ""uptrend"", ""1h"": ""downtrend"", ""4h"": ""uptrend"", ""1d"": ""uptrend""}",approved,,✓ ScoreInst=1 ScoreEstrut=52; ✓ Conf=80% Qual=1; ✓ RR TP1=2.50 TP2=3.75; ✓ Smart Money: 3/4+ confirmações; ✓ Regime=trending_down MTF alinhado; ✓ RVOL=1.7x Volume=True,,,,,
2026-07-06T10:01:07.555179+00:00,ETHUSDT,15m,short,3535.4309,3553.2456,3490.8941,3468.6257,0.0,100.0,0.0,0.6564,3579.0574,3544.98,3541.7507,0,1,0,1,1,0.2302,0.2302,0.7298,46.96,0.7978,0.7298,prata,trending_down,trending_down,0.0,"{""5m"": ""uptrend"", ""15m"": ""uptrend"", ""1h"": ""downtrend"", ""4h"": ""uptrend"", ""1d"": ""uptrend""}",rejected,[SCORE ESTRUT] 47.0 < 50,,,,,,
2026-07-06T10:01:07.608884+00:00,SOLUSDT,4h,short,150.1552,150.7726,148.6119,147.8402,0.0,100.0,0.0,0.992,146.7212,145.4499,145.1079,1,1,0,1,1,0.4,0.4,0.7311,69.45,0.8252,0.7311,prata,ranging,ranging,0.0,"{""5m"": ""uptrend"", ""15m"": ""ranging"", ""1h"": ""ranging"", ""4h"": ""uptrend"", ""1d"": ""ranging""}",approved,,✓ ScoreInst=1 ScoreEstrut=69; ✓ Conf=83% Qual=1; ✓ RR TP1=2.50 TP2=3.75; ✓ Smart Money: 4/4+ confirmações; ✓ Regime=ranging MTF alinhado; ✓ RVOL=1.0x Volume=True,,,,,
2026-07-06T10:01:07.612831+00:00,SOLUSDT,5m,long,149.0147,148.3973,150.558,151.3297,0.0,100.0,0.0,1.8077,147.4485,144.6061,144.0583,1,1,0,0,1,0.3998,0.3998,0.7186,64.96,0.7876,0.7186,prata,ranging,ranging,0.0,"{""5m"": ""uptrend"", ""15m"": ""ranging"", ""1h"": ""ranging"", ""4h"": ""uptrend"", ""1d"": ""ranging""}",approved,,✓ ScoreInst=1 ScoreEstrut=65; ✓ Conf=79% Qual=1; ✓ RR TP1=2.50 TP2=3.75; ✓ Smart Money: 3/4+ confirmações; ✓ Regime=ranging MTF alinhado; ✓ RVOL=1.8x Volume=True,,,,,
2026-07-06T10:01:12.416766+00:00,ETHUSDT,1d,short,3624.4585,3642.2732,3579.9217,3557.6533,0.0,100.0,0.0,1.695,3574.2389,3492.3364,3482.3611,1,1,0,1,1,0.4,0.4,0.8429,66.18,0.9154,0.8429,ouro,trending_down,trending_down,0.0,"{""5m"": ""uptrend"", ""15m"": ""uptrend"", ""1h"": ""downtrend"", ""4h"": ""uptrend"", ""1d"": ""uptrend""}",approved,,✓ ScoreInst=1 ScoreEstrut=66; ✓ Conf=92% Qual=1; ✓ RR TP1=2.50 TP2=3.75; ✓ Smart Money: 4/4+ confirmações; ✓ Regime=trending_down MTF alinhado; ✓ RVOL=1.7x Volume=True,,,,,
2026-07-06T10:01:12.419839+00:00,ETHUSDT,5m,short,3703.2138,3721.0285,3658.677,3636.4086,0.0,5.659153337985831,0.0,1.3841,3665.7079,3596.5154,3581.7803,1,1,0,0,1,0.2773,0.2773,0.7896,60.540000000000006,0.8776,0.7896,ouro,trending_down,trending_down,0.0,"{""5m"": ""uptrend"", ""15m"": ""uptrend"", ""1h"": ""downtrend"", ""4h"": ""uptrend"", ""1d"": ""uptrend""}",approved,,✓ ScoreInst=1 ScoreEstrut=61; ✓ Conf=88% Qual=1; ✓ RR TP1=2.50 TP2=3.75; ✓ Smart Money: 3/4+ confirmações; ✓ Regime=trending_down MTF alinhado; ✓ RVOL=1.4x Volume=True,,,,,
2026-07-06T10:02:07.756851+00:00,BTCUSDT,1h,short,64498.988,64797.0731,63753.7751,63381.1687,0.0,75.75605853770618,0.0,1.1105,64416.9012,64204.2608,64414.5635,0,1,1,1,1,0.4,0.4,0.7237,60.92999999999999,0.8259,0.7237,prata,ranging,ranging,0.0,"{""5m"": ""ranging"", ""15m"": ""uptrend"", ""1h"": ""uptrend"", ""4h"": ""uptrend"", ""1d"": ""reversal""}",approved,,✓ ScoreInst=1 ScoreEstrut=61; ✓ Conf=83% Qual=1; ✓ RR TP1=2.50 TP2=3.75; ✓ Smart Money: 4/4+ confirmações; ✓ Regime=ranging MTF alinhado; ✓ RVOL=1.1x Volume=True,,,,,
2026-07-06T10:02:07.759779+00:00,BTCUSDT,4h,short,66128.3372,66426.4224,65532.1669,65234.0818,0.0,93.11299423897866,0.0,1.6982,65691.2601,64957.4545,64813.8035,0,1,0,1,1,0.4,0.4,0.6667,55.60000000000001,0.7081,0.6667,prata,ranging,ranging,0.0,"{""5m"": ""ranging"", ""15m"": ""uptrend"", ""1h"": ""uptrend"", ""4h"": ""uptrend"", ""1d"": ""reversal""}",rejected,[RR] TP1 2.00 < mínimo 2.0:1; [CONFIANÇA] 0.71 < 0.75; [QUALIDADE] 0.67 < 0.70; [SCORE INST] 0.67 < 0.70; [REGIME] Mercado ranging — não operar,,,,,,
2026-07-06T10:02:07.763140+00:00,BTCUSDT,15m,short,67508.8077,67806.8929,66912.6374,66614.5523,0.0,97.00876373578924,0.0,1.2753,68548.5363,67797.5173,67414.738,0,1,0,1,1,0.4,0.4,0.6583,53.81,0.708,0.6583,prata,ranging,ranging,0.0,"{""5m"": ""ranging"", ""15m"": ""uptrend"", ""1h"": ""uptrend"", ""4h"": ""uptrend"", ""1d"": ""reversal""}",rejected,[RR] TP1 2.00 < mínimo 2.0:1; [CONFIANÇA] 0.71 < 0.75; [QUALIDADE] 0.66 < 0.70; [SCORE INST] 0.66 < 0.70; [REGIME] Mercado ranging — não operar,,,,,,
2026-07-06T10:02:07.766556+00:00,BTCUSDT,1d,short,66086.6702,66384.7553,65490.4999,65192.4147,0.0,78.62178397806052,0.0,1.3342,66169.873,66237.0495,66150.5003,0,0,1,1,1,0.5,0.5,0.5683,52.290000000000006,0.558,0.5683,bronze,ranging,ranging,0.0,"{""5m"": ""ranging"", ""15m"": ""uptrend"", ""1h"": ""uptrend"", ""4h"": ""uptrend"", ""1d"": ""reversal""}",rejected,[CONFIANÇA] 0.56 < 0.75; [QUALIDADE] 0.57 < 0.70; [SCORE INST] 0.57 < 0.70; [REGIME] Mercado ranging — não operar,,,,,,
2026-07-06T10:02:07.829137+00:00,ETHUSDT,1h,short,3619.3338,3638.7871,3570.7005,3546.3838,0.0,36.3678562960771,0.0,1.9225,3565.1971,3526.476,3511.8051,1,1,0,1,1,0.4,0.4,0.7407,66.57,0.8252,0.7407,prata,ranging,ranging,0.0,"{""5m"": ""uptrend"", ""15m"": ""ranging"", ""1h"": ""uptrend"", ""4h"": ""uptrend"", ""1d"": ""uptrend""}",approved,,✓ ScoreInst=1 ScoreEstrut=67; ✓ Conf=83% Qual=1; ✓ RR TP1=2.50 TP2=3.75; ✓ Smart Money: 4/4+ confirmações; ✓ Regime=ranging MTF alinhado; ✓ RVOL=1.9x Volume=True,,,,,
2026-07-06T10:02:07.831967+00:00,ETHUSDT,4h,short,3585.916,3605.3693,3537.2827,3512.966,0.0,79.34536729243318,0.0,0.6514,3527.7935,3484.7562,3479.7263,1,1,0,1,1,0.4,0.4,0.7279,67.03,0.8256,0.7279,prata,ranging,ranging,0.0,"{""5m"": ""uptrend"", ""15m"": ""ranging"", ""1h"": ""uptrend"", ""4h"": ""uptrend"", ""1d"": ""uptrend""}",approved,,✓ ScoreInst=1 ScoreEstrut=67; ✓ Conf=83% Qual=1; ✓ RR TP1=2.50 TP2=3.75; ✓ Smart Money: 4/4+ confirmações; ✓ Regime=ranging MTF alinhado; ✓ RVOL=0.7x Volume=True,,,,,
2026-07-06T10:02:07.834180+00:00,ETHUSDT,5m,long,3500.9853,3481.532,3539.892,3559.3453,0.0,100.0,0.0,1.4403,3467.4357,3458.7052,3458.2679,0,1,0,1,1,0.4,0.4,0.6651,55.730000000000004,0.7082,0.6651,prata,ranging,ranging,0.0,"{""5m"": ""uptrend"", ""15m"": ""ranging"", ""1h"": ""uptrend"", ""4h"": ""uptrend"", ""1d"": ""uptrend""}",rejected,[CONFIANÇA] 0.71 < 0.75; [QUALIDADE] 0.67 < 0.70; [SCORE INST] 0.67 < 0.70; [REGIME] Mercado ranging — não operar,,,,,,
2026-07-06T10:02:07.836548+00:00,ETHUSDT,1d,short,3732.5575,3752.0108,3693.6508,3674.1975,0.0,82.75286898931238,0.0,1.1645,3762.2729,3718.8696,3693.1648,0,1,0,1,1,0.3953,0.3953,0.6527,54.35,0.7081,0.6527,prata,ranging,ranging,0.0,"{""5m"": ""uptrend"", ""15m"": ""ranging"", ""1h"": ""uptrend"", ""4h"": ""uptrend"", ""1d"": ""uptrend""}",rejected,[CONFIANÇA] 0.71 < 0.75; [QUALIDADE] 0.65 < 0.70; [SCORE INST] 0.65 < 0.70; [REGIME] Mercado ranging — não operar,,,,,,
2026-07-06T10:02:07.883566+00:00,SOLUSDT,4h,short,152.1742,153.0354,149.5906,148.2988,0.0,32.57401101886182,0.0,0.8573,150.4474,147.5117,147.0183,1,1,1,1,1,0.4,0.4,0.8658,77.28,0.9955,0.8658,ouro,trending_up,trending_up,0.0,"{""5m"": ""downtrend"", ""15m"": ""uptrend"", ""1h"": ""uptrend"", ""4h"": ""uptrend"", ""1d"": ""uptrend""}",approved,,✓ ScoreInst=1 ScoreEstrut=77; ✓ Conf=100% Qual=1; ✓ RR TP1=3.00 TP2=4.50; ✓ Smart Money: 5/4+ confirmações; ✓ Regime=trending_up MTF alinhado; ✓ RVOL=0.9x Volume=True,,,,,
2026-07-06T10:02:07.885988+00:00,SOLUSDT,5m,short,149.4413,150.3025,147.2883,146.2119,0.0,74.88758711045459,0.0,0.7249,151.3062,151.4298,150.7447,0,1,1,1,1,0.4,0.4,0.8153,67.36,0.9156,0.8153,ouro,trending_up,trending_up,0.0,"{""5m"": ""downtrend"", ""15m"": ""uptrend"", ""1h"": ""uptrend"", ""4h"": ""uptrend"", ""1d"": ""uptrend""}",approved,,✓ ScoreInst=1 ScoreEstrut=67; ✓ Conf=92% Qual=1; ✓ RR TP1=2.50 TP2=3.75; ✓ Smart Money: 4/4+ confirmações; ✓ Regime=trending_up MTF alinhado; ✓ RVOL=0.7x Volume=True,,,,,
2026-07-06T10:02:07.888687+00:00,SOLUSDT,15m,short,149.5859,150.4471,147.4329,146.3564,0.0,100.0,0.0,0.6958,147.4665,145.922,145.4223,0,1,0,1,1,0.4,0.4,0.7442,58.29,0.798,0.7442,prata,trending_up,trending_up,0.0,"{""5m"": ""downtrend"", ""15m"": ""uptrend"", ""1h"": ""uptrend"", ""4h"": ""uptrend"", ""1d"": ""uptrend""}",approved,,✓ ScoreInst=1 ScoreEstrut=58; ✓ Conf=80% Qual=1; ✓ RR TP1=2.50 TP2=3.75; ✓ Smart Money: 3/4+ confirmações; ✓ Regime=trending_up MTF alinhado; ✓ RVOL=0.7x Volume=True,,,,,
2026-07-06T10:02:07.891027+00:00,SOLUSDT,1h,short,147.9381,148.7993,145.7851,144.7086,0.0,100.0,0.0,1.1258,146.0901,143.9964,143.8553,0,1,0,0,1,0.4,0.4,0.7285,57.68,0.7602,0.7285,prata,trending_up,trending_up,0.0,"{""5m"": ""downtrend"", ""15m"": ""uptrend"", ""1h"": ""uptrend"", ""4h"": ""uptrend"", ""1d"": ""uptrend""}",rejected,"[SMART MONEY] Apenas 2 confirmações (mínimo 3): choch, fvg, fvg, fvg, fvg, fvg, fvg, fvg, fvg, fvg, fvg, fvg, fvg, fvg, fvg, fvg, fvg, fvg, fvg, fvg, fvg, fvg, fvg, fvg, fvg, fvg, fvg, fvg, fvg, fvg, fvg, fvg, fvg, fvg, fvg, fvg, fvg, fvg, fvg, fvg, fvg, fvg, fvg, fvg, fvg, fvg, fvg, fvg, fvg, fvg, fvg, fvg, fvg, fvg, fvg, fvg, fvg, fvg, fvg, fvg, fvg, fvg, fvg, fvg, fvg, fvg, fvg, fvg, fvg, fvg, fvg, fvg, fvg, fvg, fvg, fvg, fvg, fvg, fvg, fvg, fvg, fvg, fvg, fvg, fvg, fvg, fvg, fvg, fvg, fvg, fvg, fvg, fvg, fvg, fvg, fvg, fvg, fvg, fvg, fvg, fvg, fvg, fvg, fvg, fvg, fvg, fvg, fvg, fvg, fvg, fvg, fvg, fvg, fvg, fvg, fvg, fvg, fvg, fvg, fvg, fvg, fvg, fvg, fvg, fvg, fvg, fvg, fvg, fvg, fvg, fvg, fvg, fvg, fvg, fvg, fvg, fvg, fvg, fvg, fvg, fvg, fvg, fvg, fvg, fvg, fvg, fvg, fvg",,,,,,
2026-07-06T10:02:07.893478+00:00,SOLUSDT,1d,short,150.1563,151.0175,148.0033,146.9268,0.0,22.765699473677895,0.0,1.1904,151.3005,149.2589,148.8566,0,1,0,0,1,0.4,0.4,0.7075,53.71,0.7602,0.7075,prata,trending_up,trending_up,0.0,"{""5m"": ""downtrend"", ""15m"": ""uptrend"", ""1h"": ""uptrend"", ""4h"": ""uptrend"", ""1d"": ""uptrend""}",rejected,"[SMART MONEY] Apenas 2 confirmações (mínimo 3): choch, fvg, fvg, fvg, fvg, fvg, fvg, fvg, fvg, fvg, fvg, fvg, fvg, fvg, fvg, fvg, fvg, fvg, fvg, fvg, fvg, fvg, fvg, fvg, fvg, fvg, fvg, fvg, fvg, fvg, fvg, fvg, fvg, fvg, fvg, fvg, fvg, fvg, fvg, fvg, fvg, fvg, fvg, fvg, fvg, fvg, fvg, fvg, fvg, fvg, fvg, fvg, fvg, fvg, fvg, fvg, fvg, fvg, fvg, fvg, fvg, fvg, fvg, fvg, fvg, fvg, fvg, fvg, fvg, fvg, fvg, fvg, fvg, fvg, fvg, fvg, fvg, fvg, fvg, fvg, fvg, fvg, fvg, fvg, fvg, fvg, fvg, fvg, fvg, fvg, fvg, fvg, fvg, fvg, fvg, fvg, fvg, fvg, fvg, fvg, fvg, fvg, fvg, fvg, fvg, fvg, fvg, fvg, fvg, fvg, fvg, fvg, fvg, fvg, fvg, fvg, fvg, fvg, fvg, fvg, fvg, fvg, fvg, fvg, fvg, fvg, fvg, fvg, fvg, fvg, fvg, fvg, fvg, fvg, fvg, fvg, fvg, fvg, fvg, fvg, fvg, fvg, fvg, fvg, fvg, fvg",,,,,,
2026-07-06T10:02:12.503770+00:00,SOLUSDT,4h,short,152.1742,153.0354,149.5906,148.2988,0.0,32.57401101886182,0.0,0.8573,150.4474,147.5117,147.0183,1,1,1,1,1,0.4,0.4,0.8658,77.28,0.9955,0.8658,ouro,trending_up,trending_up,0.0,"{""5m"": ""downtrend"", ""15m"": ""uptrend"", ""1h"": ""uptrend"", ""4h"": ""uptrend"", ""1d"": ""uptrend""}",approved,,✓ ScoreInst=1 ScoreEstrut=77; ✓ Conf=100% Qual=1; ✓ RR TP1=3.00 TP2=4.50; ✓ Smart Money: 5/4+ confirmações; ✓ Regime=trending_up MTF alinhado; ✓ RVOL=0.9x Volume=True,,,,,
2026-07-06T10:02:12.507664+00:00,SOLUSDT,5m,short,149.4413,150.3025,147.2883,146.2119,0.0,74.88758711045459,0.0,0.7249,151.3062,151.4298,150.7447,0,1,1,1,1,0.4,0.4,0.8153,67.36,0.9156,0.8153,ouro,trending_up,trending_up,0.0,"{""5m"": ""downtrend"", ""15m"": ""uptrend"", ""1h"": ""uptrend"", ""4h"": ""uptrend"", ""1d"": ""uptrend""}",approved,,✓ ScoreInst=1 ScoreEstrut=67; ✓ Conf=92% Qual=1; ✓ RR TP1=2.50 TP2=3.75; ✓ Smart Money: 4/4+ confirmações; ✓ Regime=trending_up MTF alinhado; ✓ RVOL=0.7x Volume=True,,,,,
2026-07-06T10:03:08.023168+00:00,BTCUSDT,5m,short,69067.8907,69355.2567,68349.4758,67990.2683,0.0,79.5045821924358,0.0,0.4428,68866.3524,66926.3258,66602.3174,0,1,1,1,1,0.6293,0.6293,0.7155,74.32,0.8258,0.7155,prata,ranging,ranging,0.0,"{""5m"": ""uptrend"", ""15m"": ""ranging"", ""1h"": ""uptrend"", ""4h"": ""uptrend"", ""1d"": ""uptrend""}",rejected,[RVOL] 0.4x < mínimo 0.5x,,,,,,
2026-07-06T10:03:08.032242+00:00,BTCUSDT,4h,short,67816.3965,68103.7625,67241.6646,66954.2986,0.0,100.0,0.0,1.966,68932.619,68457.1495,67918.0487,0,1,0,1,1,0.356,0.356,0.6533,52.66,0.7079,0.6533,prata,ranging,ranging,0.0,"{""5m"": ""uptrend"", ""15m"": ""ranging"", ""1h"": ""uptrend"", ""4h"": ""uptrend"", ""1d"": ""uptrend""}",rejected,[RR] TP1 2.00 < mínimo 2.0:1; [CONFIANÇA] 0.71 < 0.75; [QUALIDADE] 0.65 < 0.70; [SCORE INST] 0.65 < 0.70; [REGIME] Mercado ranging — não operar,,,,,,
2026-07-06T10:03:08.034711+00:00,BTCUSDT,1d,long,64393.3216,64105.9556,64968.0535,65255.4195,0.0,100.0,0.0,0.8319,65588.7057,65652.8583,65729.1455,0,1,0,1,1,0.4,0.4,0.641,59.64,0.7079,0.641,prata,ranging,ranging,0.0,"{""5m"": ""uptrend"", ""15m"": ""ranging"", ""1h"": ""uptrend"", ""4h"": ""uptrend"", ""1d"": ""uptrend""}",rejected,[RR] TP1 2.00 < mínimo 2.0:1; [CONFIANÇA] 0.71 < 0.75; [QUALIDADE] 0.64 < 0.70; [SCORE INST] 0.64 < 0.70; [REGIME] Mercado ranging — não operar,,,,,,
2026-07-06T10:03:08.037481+00:00,BTCUSDT,1h,short,67645.2105,67932.5765,67070.4786,66783.1126,0.0,31.888924332569335,0.0,0.31,68153.3018,67045.1445,66775.2946,0,1,0,1,1,0.4,0.4,0.6106,55.17999999999999,0.7079,0.6106,prata,ranging,ranging,0.0,"{""5m"": ""uptrend"", ""15m"": ""ranging"", ""1h"": ""uptrend"", ""4h"": ""uptrend"", ""1d"": ""uptrend""}",rejected,[RR] TP1 2.00 < mínimo 2.0:1; [CONFIANÇA] 0.71 < 0.75; [QUALIDADE] 0.61 < 0.70; [SCORE INST] 0.61 < 0.70; [REGIME] Mercado ranging — não operar; [RVOL] 0.3x < mínimo 0.5x,,,,,,
2026-07-06T10:03:08.098858+00:00,ETHUSDT,4h,short,3669.3219,3687.7751,3623.1889,3600.1225,0.0,82.33281339497354,0.0,0.2752,3608.4889,3559.2791,3542.6631,1,1,0,1,1,0.2801,0.2801,0.7129,62.96000000000001,0.8253,0.7129,prata,ranging,ranging,0.0,"{""5m"": ""uptrend"", ""15m"": ""reversal"", ""1h"": ""downtrend"", ""4h"": ""uptrend"", ""1d"": ""uptrend""}",rejected,[RVOL] 0.3x < mínimo 0.5x,,,,,,
2026-07-06T10:03:08.101330+00:00,ETHUSDT,5m,short,3518.0652,3536.5184,3481.1588,3462.7056,0.0,79.9424017566071,0.0,1.8042,3497.5522,3505.148,3507.0558,0,1,0,1,1,0.4,0.4,0.6635,51.160000000000004,0.7078,0.6635,prata,ranging,ranging,0.0,"{""5m"": ""uptrend"", ""15m"": ""reversal"", ""1h"": ""downtrend"", ""4h"": ""uptrend"", ""1d"": ""uptrend""}",rejected,[CONFIANÇA] 0.71 < 0.75; [QUALIDADE] 0.66 < 0.70; [SCORE INST] 0.66 < 0.70; [REGIME] Mercado ranging — não operar,,,,,,
2026-07-06T10:03:08.103942+00:00,ETHUSDT,1h,short,3666.5666,3685.0198,3629.6603,3611.2071,0.0,51.82586606475677,0.0,1.8664,3691.6049,3683.7398,3664.3262,0,1,0,1,1,0.4,0.4,0.6573,50.6,0.708,0.6573,prata,ranging,ranging,0.0,"{""5m"": ""uptrend"", ""15m"": ""reversal"", ""1h"": ""downtrend"", ""4h"": ""uptrend"", ""1d"": ""uptrend""}",rejected,[RR] TP1 2.00 < mínimo 2.0:1; [CONFIANÇA] 0.71 < 0.75; [QUALIDADE] 0.66 < 0.70; [SCORE INST] 0.66 < 0.70; [REGIME] Mercado ranging — não operar,,,,,,
2026-07-06T10:03:08.107888+00:00,ETHUSDT,1d,long,3500.9395,3482.4863,3537.8458,3556.299,0.0,0.6380295513557556,0.0,1.1852,3533.6428,3511.5964,3510.1566,0,1,0,1,1,0.4,0.4,0.6367,52.17,0.7079,0.6367,prata,ranging,ranging,0.0,"{""5m"": ""uptrend"", ""15m"": ""reversal"", ""1h"": ""downtrend"", ""4h"": ""uptrend"", ""1d"": ""uptrend""}",rejected,[RR] TP1 2.00 < mínimo 2.0:1; [CONFIANÇA] 0.71 < 0.75; [QUALIDADE] 0.64 < 0.70; [SCORE INST] 0.64 < 0.70; [REGIME] Mercado ranging — não operar; [ADX] 0.6 < 20 — tendência fraca,,,,,,
2026-07-06T10:03:08.110986+00:00,ETHUSDT,15m,long,3500.6842,3482.2311,3537.5906,3556.0438,0.0,100.0,0.0,0.894,3564.9639,3573.0608,3572.6883,0,0,1,1,1,0.5,0.5,0.5921,75.08,0.5583,0.5921,bronze,ranging,ranging,0.0,"{""5m"": ""uptrend"", ""15m"": ""reversal"", ""1h"": ""downtrend"", ""4h"": ""uptrend"", ""1d"": ""uptrend""}",rejected,[CONFIANÇA] 0.56 < 0.75; [QUALIDADE] 0.59 < 0.70; [SCORE INST] 0.59 < 0.70; [REGIME] Mercado ranging — não operar,,,,,,
2026-07-06T10:03:08.168755+00:00,SOLUSDT,4h,short,150.5416,151.2039,148.8858,148.058,0.0,100.0,0.0,0.3462,147.4723,145.1043,144.4084,1,1,0,1,1,0.3924,0.3924,0.7221,68.28,0.8255,0.7221,prata,ranging,ranging,0.0,"{""5m"": ""uptrend"", ""15m"": ""reversal"", ""1h"": ""reversal"", ""4h"": ""uptrend"", ""1d"": ""uptrend""}",rejected,[RVOL] 0.3x < mínimo 0.5x,,,,,,
2026-07-06T10:03:08.171119+00:00,SOLUSDT,1d,short,150.5857,151.248,148.93,148.1021,0.0,100.0,0.0,1.2198,146.9738,144.9037,144.5362,1,1,0,0,1,0.4,0.4,0.7167,69.85,0.7876,0.7167,prata,ranging,ranging,0.0,"{""5m"": ""uptrend"", ""15m"": ""reversal"", ""1h"": ""reversal"", ""4h"": ""uptrend"", ""1d"": ""uptrend""}",approved,,✓ ScoreInst=1 ScoreEstrut=70; ✓ Conf=79% Qual=1; ✓ RR TP1=2.50 TP2=3.75; ✓ Smart Money: 3/4+ confirmações; ✓ Regime=ranging MTF alinhado; ✓ RVOL=1.2x Volume=True,,,,,
2026-07-06T10:03:08.174972+00:00,SOLUSDT,5m,short,150.5336,151.1959,149.209,148.5467,0.0,67.09960502640743,0.0,1.1319,149.5294,148.2035,147.5532,0,1,0,1,1,0.4,0.4,0.6457,55.61000000000001,0.7079,0.6457,prata,ranging,ranging,0.0,"{""5m"": ""uptrend"", ""15m"": ""reversal"", ""1h"": ""reversal"", ""4h"": ""uptrend"", ""1d"": ""uptrend""}",rejected,[CONFIANÇA] 0.71 < 0.75; [QUALIDADE] 0.65 < 0.70; [SCORE INST] 0.65 < 0.70; [REGIME] Mercado ranging — não operar,,,,,,
2026-07-06T10:03:08.177462+00:00,SOLUSDT,1h,short,150.5181,151.1804,149.1936,148.5313,0.0,52.23410333712366,0.0,0.8411,149.8195,149.3718,148.6266,0,0,1,0,1,0.5,0.5,0.5446,69.6,0.5205,0.5446,bronze,ranging,ranging,0.0,"{""5m"": ""uptrend"", ""15m"": ""reversal"", ""1h"": ""reversal"", ""4h"": ""uptrend"", ""1d"": ""uptrend""}",rejected,"[SMART MONEY] Apenas 2 confirmações (mínimo 3): fvg, fvg, fvg, fvg, fvg, fvg, fvg, fvg, fvg, fvg, fvg, fvg, fvg, fvg, fvg, fvg, fvg, fvg, fvg, fvg, fvg, fvg, fvg, fvg, fvg, fvg, fvg, fvg, fvg, fvg, fvg, fvg, fvg, fvg, fvg, fvg, fvg, fvg, fvg, fvg, fvg, fvg, fvg, fvg, fvg, fvg, fvg, fvg, fvg, fvg, fvg, fvg, fvg, fvg, fvg, fvg, fvg, fvg, fvg, fvg, fvg, fvg, fvg, fvg, fvg, fvg, fvg, fvg, fvg, fvg, fvg, fvg, fvg, fvg, fvg, fvg, fvg, fvg, fvg, fvg, fvg, fvg, fvg, fvg, fvg, fvg, fvg, fvg, fvg, fvg, fvg, fvg, fvg, fvg, fvg, fvg, fvg, fvg, fvg, fvg, fvg, fvg, fvg, fvg, fvg, fvg, fvg, fvg, fvg, fvg, fvg, fvg, fvg, fvg, fvg, fvg, fvg, fvg, fvg, fvg, fvg, fvg, fvg, fvg, fvg, fvg, fvg, fvg, fvg, fvg, fvg, fvg, fvg, fvg, fvg, fvg, fvg, fvg, fvg, fvg, fvg, fvg, fvg, fvg, liquidity_sweep, liquidity_sweep; [RR] TP1 2.00 < mínimo 2.0:1; [CONFIANÇA] 0.52 < 0.75; [QUALIDADE] 0.54 < 0.70; [SCORE INST] 0.54 < 0.70; [REGIME] Mercado ranging — não operar",,,,,,
2026-07-06T10:03:08.179941+00:00,SOLUSDT,15m,short,148.5297,149.192,147.5363,147.0395,0.0,100.0,0.0,1.1068,151.526,150.0703,149.6468,0,0,0,1,1,0.5,0.5,0.4895,49.04,0.4401,0.4895,bronze,ranging,ranging,0.0,"{""5m"": ""uptrend"", ""15m"": ""reversal"", ""1h"": ""reversal"", ""4h"": ""uptrend"", ""1d"": ""uptrend""}",rejected,"[SMART MONEY] Apenas 2 confirmações (mínimo 3): order_block, fvg, fvg, fvg, fvg, fvg, fvg, fvg, fvg, fvg, fvg, fvg, fvg, fvg, fvg, fvg, fvg, fvg, fvg, fvg, fvg, fvg, fvg, fvg, fvg, fvg, fvg, fvg, fvg, fvg, fvg, fvg, fvg, fvg, fvg, fvg, fvg, fvg, fvg, fvg, fvg, fvg, fvg, fvg, fvg, fvg, fvg, fvg, fvg, fvg, fvg, fvg, fvg, fvg, fvg, fvg, fvg, fvg, fvg, fvg, fvg, fvg, fvg, fvg, fvg, fvg, fvg, fvg, fvg, fvg, fvg, fvg, fvg, fvg, fvg, fvg, fvg, fvg, fvg, fvg, fvg, fvg, fvg, fvg, fvg, fvg, fvg, fvg, fvg, fvg, fvg, fvg, fvg, fvg, fvg, fvg, fvg, fvg, fvg, fvg, fvg, fvg, fvg, fvg, fvg, fvg, fvg, fvg, fvg, fvg, fvg, fvg, fvg, fvg, fvg, fvg, fvg, fvg, fvg, fvg, fvg, fvg, fvg, fvg, fvg, fvg, fvg, fvg, fvg, fvg, fvg, fvg, fvg, fvg, fvg, fvg, fvg, fvg, fvg, fvg, fvg, fvg, fvg, fvg, fvg; [RR] TP1 1.50 < mínimo 2.0:1; [CONFIANÇA] 0.44 < 0.75; [QUALIDADE] 0.49 < 0.70; [SCORE INST] 0.49 < 0.70; [SCORE ESTRUT] 49.0 < 50; [REGIME] Mercado ranging — não operar",,,,,,
2026-07-06T10:03:12.586364+00:00,SOLUSDT,4h,short,150.5416,151.2039,148.8858,148.058,0.0,100.0,0.0,0.3462,147.4723,145.1043,144.4084,1,1,0,1,1,0.3924,0.3924,0.7221,68.28,0.8255,0.7221,prata,ranging,ranging,0.0,"{""5m"": ""uptrend"", ""15m"": ""reversal"", ""1h"": ""reversal"", ""4h"": ""uptrend"", ""1d"": ""uptrend""}",rejected,[RVOL] 0.3x < mínimo 0.5x,,,,,,
